8,0.00,-0.00,1.00,0.01,-1.03,0.85
5020,0.01,0.00,0.99,0.23,-0.36,0.60
10020,0.01,-0.00,0.99,-0.49,0.13,0.63
15028,0.01,0.01,1.00,-1.06,0.22,0.09
20024,0.01,0.01,1.01,-1.28,0.93,0.16
25036,0.01,0.01,1.01,-2.41,1.80,-0.03
30032,0.01,0.01,1.01,-2.51,1.25,-0.31
35044,0.00,0.01,1.02,-2.30,0.88,-0.81
40048,0.01,0.00,1.01,-1.79,0.10,-0.70
45048,0.01,0.00,1.01,-1.43,-0.76,-0.72
50064,-0.00,-0.00,1.02,-1.08,-1.62,-0.49
55068,-0.01,0.00,1.01,-0.79,-1.95,-0.57
60072,-0.01,-0.01,1.00,-0.46,-1.64,-0.58
65056,-0.01,-0.01,1.00,-0.30,-2.11,-0.46
70072,-0.01,-0.01,1.00,-0.06,-1.76,-0.23
75080,-0.01,-0.01,1.01,0.22,-2.36,0.01
80076,-0.02,-0.01,1.00,-0.37,-2.17,0.20
85092,-0.01,-0.01,1.01,-0.37,-1.93,0.34
90096,-0.01,-0.01,1.01,-0.27,-1.20,0.46
95100,-0.01,-0.01,1.01,0.15,-0.63,0.75
100096,-0.01,-0.01,1.01,0.44,-0.26,0.89
105104,-0.01,-0.01,1.01,-0.02,-0.45,1.01
110104,0.00,-0.00,1.01,-0.37,-0.36,0.77
115104,0.00,-0.01,1.00,-0.24,0.10,0.44
120108,0.01,-0.00,1.00,-0.66,0.83,0.34
125112,0.01,-0.01,0.99,-0.71,1.22,0.38
130124,0.01,-0.01,1.00,-1.02,1.45,0.28
135140,0.01,-0.00,1.00,-2.00,0.86,-0.04
140136,-0.00,-0.01,1.00,-2.25,0.57,-0.50
145152,0.00,-0.00,0.99,-2.63,0.05,-0.34
150144,-0.01,-0.01,0.99,-2.49,0.52,-0.30
155152,-0.01,-0.01,1.01,-2.49,-0.10,0.16
160156,-0.01,-0.00,1.01,-2.20,-0.90,0.04
165156,-0.01,-0.01,1.00,-2.08,-1.55,0.03
170164,-0.01,-0.01,1.01,-1.77,-2.64,-0.06
175176,-0.01,-0.01,1.01,-1.68,-3.38,0.04
180196,-0.01,-0.00,1.01,-1.44,-3.33,-0.02
185196,-0.00,-0.01,1.01,-1.27,-3.77,0.34
190208,-0.00,-0.01,1.01,-0.82,-3.45,0.31
195212,-0.00,-0.01,1.00,-0.39,-2.71,0.24
200208,-0.00,-0.01,1.00,-0.39,-2.32,0.54
205224,0.00,-0.00,1.00,-0.70,-1.56,0.21
210224,-0.00,-0.01,1.00,-0.88,-1.74,0.48
215228,0.01,-0.00,1.00,-0.90,-1.21,0.36
220236,0.00,-0.00,1.00,-0.89,-0.65,0.24
225256,0.00,-0.00,1.01,-1.40,0.07,0.29
230268,0.00,0.00,1.01,-1.22,-0.06,0.51
235276,0.00,-0.00,1.01,-2.09,-1.07,0.65
240276,0.00,-0.00,1.02,-2.30,-1.26,0.51
245268,0.00,-0.00,1.00,-2.34,-0.43,0.54
250280,0.01,-0.01,1.01,-1.84,-0.07,0.23
255284,0.01,0.00,1.01,-2.05,0.06,0.42
260284,0.01,0.00,1.02,-2.26,-0.27,0.41
265292,0.00,-0.01,1.02,-2.16,-0.47,0.28
270312,0.00,-0.00,1.02,-2.20,-0.68,-0.16
275312,-0.00,-0.01,1.02,-1.58,-0.80,-0.30
280320,-0.01,-0.01,1.03,-1.38,-1.01,-0.40
285324,-0.01,-0.01,1.03,-0.88,-0.84,-0.31
290320,-0.02,-0.00,1.03,-0.98,-1.29,-0.03
295320,-0.02,-0.01,1.03,-0.24,-1.84,0.14
300328,-0.03,-0.01,1.03,-0.07,-2.65,0.84
305336,-0.02,-0.01,1.03,0.50,-3.89,1.48
310340,-0.02,-0.01,1.04,0.52,-4.73,2.30
315356,-0.02,-0.01,1.05,1.12,-5.22,2.85
320356,-0.02,-0.00,1.05,0.80,-5.30,3.18
325360,-0.02,-0.00,1.06,1.22,-5.64,4.03
330356,-0.03,0.00,1.07,1.56,-5.09,4.46
335360,-0.03,0.01,1.07,2.35,-5.33,5.03
340364,-0.03,0.01,1.08,3.12,-5.99,5.59
345364,-0.04,0.02,1.08,3.76,-7.21,6.24
350376,-0.04,0.03,1.09,3.99,-8.91,6.72
355388,-0.05,0.03,1.10,3.69,-10.82,6.82
360404,-0.05,0.03,1.10,3.26,-13.01,7.35
365388,-0.05,0.03,1.11,2.71,-15.43,8.19
370400,-0.06,0.03,1.13,1.28,-17.08,8.70
375396,-0.07,0.03,1.16,-0.14,-17.25,9.41
380400,-0.08,0.02,1.19,-1.91,-17.04,10.60
385408,-0.09,0.01,1.23,-3.33,-16.98,11.56
390416,-0.09,0.01,1.28,-4.79,-17.38,13.40
395420,-0.10,0.02,1.32,-5.08,-18.41,15.36
400424,-0.11,0.03,1.36,-4.27,-21.41,17.28
405440,-0.11,0.04,1.41,-2.38,-25.39,19.24
410436,-0.10,0.05,1.43,0.84,-28.45,21.29
415436,-0.09,0.07,1.46,4.98,-31.71,23.88
420440,-0.07,0.08,1.47,10.45,-34.53,26.57
425444,-0.05,0.09,1.48,15.31,-37.11,28.12
430448,-0.02,0.11,1.49,19.56,-38.33,29.47
435460,0.01,0.12,1.49,22.97,-37.98,29.45
440468,0.04,0.13,1.50,25.64,-35.37,28.60
445476,0.06,0.14,1.51,27.73,-32.84,28.20
450488,0.07,0.15,1.53,28.63,-30.78,27.33
455480,0.08,0.16,1.56,29.08,-27.91,26.10
460480,0.09,0.16,1.58,29.57,-24.19,25.52
465488,0.09,0.17,1.59,30.40,-18.41,24.87
470496,0.11,0.18,1.62,31.56,-12.31,24.92
475508,0.12,0.18,1.65,31.46,-7.73,24.99
480504,0.12,0.19,1.67,31.56,-4.62,25.76
485512,0.13,0.20,1.69,32.86,-2.49,26.72
490528,0.16,0.21,1.69,35.27,-1.51,27.41
495540,0.20,0.22,1.69,38.74,-0.68,28.18
500528,0.24,0.23,1.68,41.76,0.06,27.55
505532,0.27,0.25,1.68,44.64,2.44,26.38
510532,0.31,0.27,1.68,47.00,5.68,24.13
515536,0.33,0.28,1.68,50.06,8.38,21.33
520540,0.35,0.29,1.66,53.67,10.19,18.27
525544,0.37,0.30,1.63,57.18,10.47,15.47
530552,0.40,0.31,1.62,60.17,9.73,12.01
535568,0.41,0.31,1.59,62.47,9.32,8.49
540576,0.42,0.32,1.57,64.29,10.91,4.72
545572,0.42,0.32,1.56,65.27,13.32,1.65
550576,0.43,0.32,1.53,65.22,15.77,-1.17
555576,0.43,0.32,1.51,65.31,19.84,-4.00
560584,0.43,0.32,1.48,65.10,25.06,-6.22
565584,0.43,0.31,1.45,64.80,30.97,-8.25
570588,0.43,0.31,1.41,65.19,37.72,-9.86
575592,0.44,0.31,1.38,64.64,44.27,-11.34
580604,0.44,0.30,1.36,63.52,50.88,-13.00
585612,0.44,0.30,1.33,61.84,57.03,-15.01
590608,0.44,0.30,1.32,60.17,61.82,-16.74
595608,0.44,0.30,1.30,59.30,65.97,-19.07
600616,0.44,0.29,1.29,59.20,69.67,-20.78
605612,0.44,0.29,1.27,59.65,71.36,-22.34
610624,0.44,0.28,1.26,60.69,71.15,-23.52
615628,0.43,0.27,1.25,61.84,69.02,-24.82
620636,0.44,0.27,1.22,64.16,66.62,-25.89
625644,0.46,0.27,1.19,66.88,63.24,-26.90
630648,0.46,0.28,1.17,69.72,60.34,-28.96
635652,0.48,0.28,1.13,71.83,59.69,-31.53
640652,0.49,0.27,1.09,74.11,60.53,-34.33
645656,0.49,0.28,1.05,75.73,61.97,-36.77
650660,0.50,0.28,1.01,76.69,64.16,-39.95
655664,0.51,0.27,0.99,76.74,66.02,-43.92
660672,0.49,0.26,0.96,75.30,67.17,-47.96
665676,0.49,0.26,0.93,73.74,69.12,-51.31
670692,0.47,0.25,0.90,72.79,71.70,-53.79
675696,0.45,0.23,0.86,71.68,75.61,-55.91
680704,0.43,0.22,0.85,70.44,78.48,-57.57
685700,0.41,0.21,0.83,68.53,81.15,-58.94
690700,0.40,0.19,0.83,67.38,81.92,-60.39
695704,0.38,0.17,0.82,66.88,80.71,-61.67
700708,0.37,0.16,0.80,66.38,79.26,-62.79
705716,0.35,0.15,0.79,66.48,75.76,-63.84
710728,0.35,0.14,0.77,66.67,71.70,-64.64
715748,0.34,0.14,0.76,66.82,68.55,-65.81
720748,0.34,0.14,0.76,66.34,66.55,-68.04
725744,0.32,0.14,0.76,66.09,64.05,-70.85
730752,0.30,0.14,0.74,66.92,61.04,-73.55
735744,0.29,0.14,0.71,67.95,58.67,-75.65
740752,0.27,0.13,0.69,69.47,55.44,-76.82
745752,0.25,0.13,0.66,69.96,52.23,-78.22
750760,0.24,0.13,0.62,70.10,49.82,-79.41
755780,0.23,0.12,0.60,69.42,48.71,-80.40
760788,0.23,0.12,0.56,67.48,48.30,-81.34
765784,0.22,0.11,0.53,65.51,48.91,-82.17
770792,0.21,0.10,0.53,62.26,50.30,-82.66
775780,0.18,0.09,0.53,58.47,51.10,-83.24
780792,0.13,0.08,0.55,54.66,50.91,-83.33
785788,0.11,0.07,0.55,52.19,50.87,-82.75
790804,0.10,0.06,0.55,51.93,51.94,-81.22
795800,0.08,0.03,0.58,51.57,52.59,-80.18
800816,0.06,0.03,0.61,51.43,52.33,-78.86
805828,0.04,0.01,0.65,52.24,50.04,-77.73
810836,0.02,0.00,0.65,54.92,45.41,-76.42
815824,0.02,-0.01,0.65,58.27,40.62,-74.71
820836,0.02,-0.01,0.64,61.51,35.78,-72.58
825840,0.02,-0.01,0.64,63.64,31.74,-70.34
830848,0.02,0.00,0.62,64.80,27.55,-68.58
835844,0.02,0.02,0.61,64.57,24.84,-67.60
840852,0.03,0.02,0.59,64.03,24.02,-67.02
845864,0.02,0.03,0.59,62.86,23.98,-66.86
850876,0.02,0.04,0.60,62.10,22.94,-66.96
855868,0.01,0.04,0.61,62.13,19.75,-67.08
860864,-0.00,0.03,0.63,62.91,15.33,-66.84
865868,-0.00,0.04,0.63,64.98,10.42,-67.52
870880,0.00,0.03,0.63,67.81,5.33,-67.94
875888,0.00,0.04,0.62,70.79,0.13,-69.04
880888,0.00,0.05,0.62,71.88,-5.21,-70.88
885896,-0.00,0.05,0.62,71.93,-8.37,-72.41
890904,-0.00,0.07,0.61,71.27,-8.33,-73.90
895908,-0.02,0.06,0.61,69.76,-6.75,-75.64
900912,-0.03,0.06,0.62,67.93,-3.16,-76.88
905908,-0.04,0.06,0.60,66.61,0.65,-77.57
910916,-0.04,0.06,0.59,66.40,5.13,-77.25
915916,-0.03,0.06,0.59,66.55,9.13,-77.49
920924,-0.03,0.07,0.56,66.83,11.87,-78.04
925924,-0.03,0.07,0.56,66.88,13.13,-78.55
930932,-0.01,0.07,0.55,65.76,12.55,-79.69
935944,-0.01,0.06,0.55,64.52,10.75,-81.79
940956,-0.00,0.05,0.55,63.68,6.69,-84.06
945960,-0.00,0.03,0.56,62.05,2.51,-86.26
950956,-0.03,-0.01,0.58,60.52,-2.61,-88.04
955964,-0.06,-0.02,0.60,59.72,-9.57,-88.23
960972,-0.06,-0.03,0.60,61.70,-17.73,-87.39
965980,-0.05,-0.05,0.59,63.81,-25.20,-86.27
970980,-0.05,-0.04,0.59,66.29,-32.50,-85.39
975992,-0.03,-0.02,0.59,68.51,-39.40,-84.86
981008,0.01,-0.01,0.56,70.00,-44.75,-84.90
986008,0.05,0.01,0.54,70.84,-47.50,-85.99
990996,0.08,0.03,0.51,70.50,-47.51,-88.58
995996,0.11,0.05,0.50,68.74,-45.14,-91.68
1001004,0.14,0.04,0.52,64.74,-41.37,-94.96
1006020,0.12,0.01,0.55,59.90,-36.47,-98.55
1011032,0.10,0.01,0.55,55.89,-32.48,-101.06
1016040,0.11,-0.02,0.53,55.06,-29.79,-102.15
1021076,0.13,-0.05,0.53,55.18,-27.39,-103.02
1026120,0.10,-0.10,0.56,55.11,-27.49,-103.86
1031160,0.06,-0.12,0.59,53.83,-31.48,-103.83
1036196,0.06,-0.14,0.59,54.28,-37.43,-103.58
1041236,0.07,-0.16,0.60,54.75,-41.97,-103.74
1046280,0.06,-0.17,0.62,55.50,-47.63,-103.19
1051304,0.03,-0.16,0.63,55.64,-55.22,-102.61
1056348,0.04,-0.16,0.62,56.89,-62.25,-102.49
1061388,0.06,-0.18,0.61,56.50,-64.16,-101.87
1066420,0.03,-0.20,0.61,54.27,-61.58,-100.70
1071444,0.01,-0.18,0.60,51.10,-58.15,-98.22
1076444,0.06,-0.17,0.58,48.52,-55.25,-95.36
1081448,0.12,-0.15,0.57,45.49,-50.92,-95.18
1086460,0.15,-0.11,0.59,43.02,-47.69,-98.07
1091472,0.18,-0.09,0.59,41.20,-48.23,-103.35
1096504,0.22,-0.06,0.57,39.70,-49.90,-110.06
1101512,0.24,-0.05,0.57,37.51,-50.94,-118.73
1106556,0.24,-0.10,0.59,33.22,-47.74,-128.23
1111596,0.16,-0.13,0.63,26.90,-43.81,-137.01
1116640,0.07,-0.17,0.65,19.62,-43.87,-143.67
1121672,0.01,-0.22,0.67,13.16,-44.47,-147.90
1126704,-0.06,-0.26,0.69,8.55,-43.71,-150.79
1131704,-0.14,-0.32,0.76,4.99,-40.90,-150.50
1136724,-0.25,-0.35,0.81,2.99,-37.72,-147.58
1141736,-0.34,-0.36,0.81,3.88,-37.10,-141.39
1146744,-0.36,-0.35,0.78,8.24,-35.91,-133.67
1151740,-0.34,-0.33,0.79,12.83,-34.86,-126.95
1156784,-0.31,-0.30,0.79,16.92,-35.15,-123.14
1161832,-0.29,-0.26,0.77,19.24,-37.52,-121.76
1166888,-0.24,-0.22,0.74,18.81,-39.50,-122.65
1171928,-0.20,-0.19,0.71,16.79,-37.60,-125.22
1176960,-0.18,-0.19,0.68,13.20,-33.09,-129.43
1182000,-0.20,-0.24,0.68,7.27,-27.15,-133.27
1187012,-0.30,-0.28,0.69,-0.84,-26.11,-136.33
1192024,-0.41,-0.27,0.68,-7.24,-31.64,-136.64
1197032,-0.43,-0.28,0.66,-10.77,-39.83,-135.05
1202092,-0.42,-0.29,0.66,-12.89,-44.76,-133.94
1207160,-0.46,-0.30,0.71,-15.72,-48.67,-134.08
1212212,-0.52,-0.29,0.75,-19.08,-55.10,-134.01
1217252,-0.54,-0.29,0.76,-22.80,-62.12,-134.29
1222316,-0.53,-0.27,0.77,-26.37,-68.19,-134.28
1227392,-0.52,-0.26,0.78,-29.90,-70.03,-135.08
1232432,-0.52,-0.28,0.83,-35.82,-69.78,-137.17
1237492,-0.57,-0.32,0.89,-43.84,-66.33,-138.27
1242552,-0.68,-0.36,0.94,-51.93,-61.70,-136.06
1247604,-0.77,-0.37,0.92,-56.94,-61.87,-129.96
1252668,-0.80,-0.37,0.89,-57.83,-63.99,-121.91
1257720,-0.77,-0.36,0.90,-56.49,-64.16,-112.98
1262772,-0.75,-0.31,0.96,-55.57,-64.55,-107.05
1267828,-0.72,-0.28,0.98,-56.40,-64.71,-103.71
1272896,-0.69,-0.24,0.98,-58.22,-63.89,-103.12
1277968,-0.65,-0.21,0.99,-61.79,-58.08,-104.14
1283040,-0.65,-0.20,1.01,-67.37,-49.77,-106.50
1288096,-0.68,-0.18,1.06,-75.13,-42.18,-109.91
1293168,-0.70,-0.18,1.13,-83.58,-34.31,-114.39
1298236,-0.75,-0.19,1.20,-92.09,-25.54,-118.99
1303296,-0.80,-0.20,1.28,-97.90,-17.70,-122.91
1308324,-0.85,-0.22,1.31,-101.48,-9.86,-125.09
1313376,-0.93,-0.26,1.37,-105.64,-1.64,-125.02
1318436,-1.03,-0.32,1.42,-109.28,5.01,-123.69
1323480,-1.16,-0.63,1.42,-86.55,6.95,-136.16
1328496,-1.02,-0.37,1.54,-43.92,21.37,-107.63
1333568,-1.23,-0.35,1.86,-24.24,57.01,-75.14
1338584,-1.44,-0.17,2.01,13.34,31.03,-46.31
1343580,-1.44,-0.39,1.71,-47.96,26.24,-51.56
1348604,-1.64,-0.47,1.87,-98.21,-26.84,-38.66
1353632,-1.75,-0.39,2.09,-174.56,-59.86,-44.61
1358712,-1.27,-0.68,2.09,-168.01,76.50,-51.65
1363772,-0.99,-0.68,2.09,-70.57,244.29,-53.90
1368804,-1.17,-0.10,2.09,-35.89,244.29,-58.80
1373844,-1.18,-0.01,2.00,-12.27,244.29,-47.21
1378880,-1.21,-0.07,1.86,8.71,229.34,-43.83
1383884,-1.34,-0.21,1.60,21.64,191.00,-47.38
1388920,-1.47,-0.29,1.57,16.86,153.75,-51.38
1393976,-1.52,-0.26,1.53,14.73,110.71,-47.93
1399036,-1.47,-0.27,1.34,-1.14,108.60,-43.91
1404044,-1.50,-0.29,1.30,6.71,115.92,-31.55
1409044,-1.50,-0.38,1.25,2.27,107.84,-20.54
1414060,-1.50,-0.43,1.25,-19.93,108.14,-14.29
1419136,-1.46,-0.42,1.32,-17.33,108.07,-3.22
1424152,-1.41,-0.41,1.37,-14.28,102.49,7.61
1429144,-1.31,-0.37,1.37,-19.68,89.63,15.02
1434148,-1.24,-0.36,1.35,-7.94,69.04,26.16
1439140,-1.14,-0.35,1.29,1.44,57.06,34.02
1444140,-1.03,-0.33,1.23,12.02,54.56,41.15
1449160,-0.93,-0.31,1.16,18.39,57.95,45.33
1454164,-0.87,-0.29,1.13,22.81,63.49,48.46
1459180,-0.82,-0.27,1.10,25.03,68.58,50.22
1464192,-0.79,-0.25,1.08,25.18,71.90,51.70
1469188,-0.76,-0.23,1.09,22.92,73.16,51.36
1474192,-0.74,-0.22,1.08,20.32,74.18,50.82
1479192,-0.70,-0.21,1.05,18.36,77.04,49.59
1484200,-0.67,-0.20,1.01,19.32,81.46,47.78
1489200,-0.64,-0.19,0.96,20.93,84.74,46.08
1494204,-0.62,-0.17,0.93,23.27,85.93,43.73
1499216,-0.62,-0.16,0.87,24.20,84.35,40.54
1504228,-0.62,-0.16,0.81,24.12,80.40,36.70
1509232,-0.65,-0.18,0.76,22.06,76.69,33.39
1514224,-0.68,-0.21,0.71,18.13,70.83,30.43
1519228,-0.71,-0.23,0.66,13.12,62.58,28.67
1524236,-0.71,-0.24,0.61,8.82,52.48,27.97
1529224,-0.69,-0.26,0.57,5.57,42.70,27.20
1534236,-0.69,-0.29,0.56,1.61,32.79,27.13
1539240,-0.71,-0.33,0.59,-3.30,24.37,28.20
1544256,-0.75,-0.36,0.58,-7.10,17.05,32.08
1549276,-0.78,-0.41,0.55,-9.10,11.91,39.19
1554264,-0.79,-0.44,0.54,-9.30,11.20,49.71
1559268,-0.79,-0.44,0.53,-6.76,11.26,61.60
1564276,-0.76,-0.44,0.53,-3.86,10.72,73.37
1569272,-0.71,-0.41,0.55,-0.74,12.10,83.20
1574280,-0.64,-0.38,0.55,1.26,14.54,91.09
1579280,-0.57,-0.34,0.55,3.77,15.96,95.86
1584284,-0.49,-0.30,0.52,5.13,18.34,98.48
1589288,-0.42,-0.25,0.48,6.87,23.92,98.94
1594300,-0.36,-0.20,0.45,8.28,29.89,96.83
1599300,-0.34,-0.16,0.44,7.66,31.15,92.91
1604300,-0.32,-0.13,0.42,7.20,29.90,87.71
1609308,-0.30,-0.10,0.38,7.14,27.94,81.50
1614316,-0.29,-0.06,0.35,7.65,24.68,74.92
1619324,-0.28,-0.04,0.34,8.61,21.01,67.48
1624324,-0.26,-0.04,0.33,6.72,15.61,60.41
1629320,-0.29,-0.07,0.35,0.88,12.26,54.70
1634336,-0.37,-0.11,0.40,-7.19,12.47,51.57
1639360,-0.49,-0.15,0.40,-16.04,14.91,53.03
1644360,-0.58,-0.19,0.39,-22.49,17.42,58.95
1649364,-0.63,-0.22,0.38,-26.11,22.81,68.61
1654372,-0.65,-0.23,0.41,-26.29,27.96,79.32
1659364,-0.67,-0.23,0.43,-25.27,30.31,90.88
1664380,-0.68,-0.20,0.44,-24.12,27.93,101.85
1669416,-0.64,-0.16,0.42,-22.60,24.40,110.59
1674440,-0.58,-0.12,0.40,-21.35,23.28,116.76
1679468,-0.54,-0.08,0.41,-21.29,22.07,119.49
1684512,-0.50,-0.03,0.41,-21.91,18.41,119.76
1689544,-0.45,-0.01,0.40,-23.21,14.68,117.77
1694580,-0.41,0.03,0.40,-24.15,10.04,114.47
1699592,-0.39,0.06,0.40,-23.50,4.10,110.01
1704588,-0.36,0.09,0.41,-21.90,-3.22,104.52
1709592,-0.34,0.12,0.41,-19.48,-10.05,98.70
1714604,-0.31,0.14,0.40,-16.58,-16.46,91.74
1719604,-0.28,0.15,0.41,-13.89,-22.92,84.18
1724620,-0.25,0.15,0.41,-11.31,-26.55,76.44
1729620,-0.24,0.13,0.43,-11.12,-25.98,70.23
1734636,-0.28,0.09,0.46,-13.22,-21.75,66.30
1739640,-0.36,0.06,0.47,-17.49,-14.14,66.36
1744632,-0.42,0.02,0.45,-20.93,-2.64,70.44
1749628,-0.45,-0.01,0.42,-23.19,11.73,77.53
1754632,-0.46,-0.03,0.41,-24.51,27.18,86.30
1759644,-0.48,-0.03,0.40,-26.60,41.35,96.12
1764652,-0.49,-0.04,0.41,-31.15,51.17,105.57
1769688,-0.48,-0.04,0.42,-37.18,57.59,114.51
1774720,-0.45,-0.03,0.43,-41.22,59.59,122.05
1779752,-0.41,-0.01,0.42,-43.17,58.15,127.92
1784808,-0.35,0.01,0.42,-42.14,53.65,132.29
1789832,-0.28,0.03,0.41,-39.27,46.82,134.23
1794856,-0.23,0.05,0.41,-35.29,37.04,134.50
1799864,-0.19,0.07,0.41,-31.13,25.17,132.88
1804884,-0.15,0.09,0.39,-26.91,10.36,130.78
1809904,-0.10,0.12,0.36,-21.80,-4.76,128.24
1814912,-0.05,0.15,0.32,-14.87,-19.59,124.57
1819948,-0.00,0.16,0.28,-8.24,-32.39,120.59
1824936,0.04,0.18,0.25,-1.17,-43.23,115.64
1829936,0.10,0.20,0.22,4.30,-51.74,110.01
1834948,0.15,0.20,0.17,9.54,-58.09,103.20
1839940,0.20,0.21,0.14,13.41,-62.28,94.42
1844948,0.22,0.21,0.10,15.51,-65.33,85.37
1849948,0.23,0.21,0.05,14.92,-66.31,77.53
1854960,0.23,0.20,0.01,11.43,-65.69,71.50
1859956,0.21,0.19,-0.03,5.55,-62.57,67.01
1864972,0.20,0.17,-0.04,-3.78,-59.41,63.57
1869988,0.21,0.15,-0.03,-12.36,-55.27,61.46
1875016,0.22,0.14,-0.02,-21.93,-49.76,59.05
1880012,0.23,0.11,0.01,-31.81,-45.05,55.33
1885004,0.25,0.07,0.09,-43.59,-45.16,53.73
1889996,0.27,0.07,0.14,-49.16,-44.93,48.93
1894992,0.18,0.09,0.18,-59.98,-45.12,48.52
1900000,0.12,0.05,0.18,-65.53,-44.03,48.45
1905000,0.11,0.03,0.16,-68.34,-44.95,52.44
1910012,0.14,0.04,0.15,-68.72,-46.96,57.21
1915012,0.18,0.04,0.18,-67.74,-51.75,61.14
1920036,0.23,0.04,0.20,-67.46,-58.37,63.90
1925036,0.27,0.06,0.22,-68.72,-63.84,64.03
1930036,0.32,0.08,0.21,-68.79,-64.57,62.52
1935040,0.37,0.09,0.18,-70.53,-63.40,59.71
1940036,0.40,0.09,0.15,-72.80,-61.76,56.35
1945044,0.43,0.09,0.11,-76.83,-60.13,51.46
1950056,0.45,0.09,0.08,-80.64,-56.75,45.12
1955048,0.47,0.07,0.10,-86.89,-54.71,36.90
1960060,0.48,0.05,0.15,-96.03,-56.18,27.73
1965076,0.48,0.03,0.19,-107.40,-58.69,18.38
1970100,0.46,-0.01,0.23,-119.61,-60.46,9.92
1975092,0.44,-0.06,0.26,-132.25,-59.93,2.30
1980092,0.40,-0.10,0.30,-146.00,-56.42,-2.73
1985108,0.35,-0.13,0.33,-158.39,-50.74,-3.97
1990120,0.29,-0.17,0.36,-169.24,-43.16,-2.17
1995132,0.27,-0.20,0.37,-177.86,-36.60,1.70
2000124,0.29,-0.24,0.37,-180.68,-29.95,7.49
2005128,0.32,-0.22,0.42,-187.92,-24.38,10.98
2010184,0.36,-0.22,0.43,-194.48,-18.79,12.70
2015224,0.43,-0.21,0.44,-200.36,-15.47,12.66
2020276,0.48,-0.22,0.46,-206.91,-14.46,9.87
2025264,0.52,-0.23,0.46,-214.38,-16.63,3.02
2030264,0.56,-0.24,0.49,-225.54,-25.28,-7.70
2035288,0.58,-0.28,0.51,-240.85,-35.82,-23.23
2040352,0.57,-0.31,0.62,-248.30,-47.95,-41.14
2045412,0.51,-0.36,0.82,-248.30,-67.58,-59.84
2050472,0.40,-0.41,1.07,-248.30,-93.53,-78.24
2055524,0.33,-0.49,1.34,-248.30,-116.53,-96.35
2060624,0.25,-0.56,1.56,-248.30,-133.41,-107.95
2065776,0.04,-0.65,1.80,-248.30,-147.67,-112.59
2070916,-0.13,-0.72,1.92,-248.30,-158.36,-110.18
2076080,-0.24,-0.73,2.02,-248.30,-163.91,-94.91
2081188,-0.34,-0.75,2.09,-248.30,-166.53,-76.16
2086296,-0.38,-0.76,2.09,-248.30,-170.86,-57.07
2091392,-0.36,-0.75,2.09,-230.19,-171.93,-41.82
2096500,-0.28,-0.68,2.09,-213.43,-162.92,-30.62
2101604,-0.18,-0.64,2.09,-199.39,-144.39,-23.65
2106716,-0.08,-0.58,2.09,-190.59,-120.95,-20.16
2111816,-0.02,-0.54,2.09,-182.32,-93.75,-20.64
2116884,0.03,-0.51,2.09,-172.86,-67.22,-25.02
2121936,0.10,-0.49,2.09,-165.66,-40.85,-33.24
2126988,0.14,-0.50,2.09,-154.85,-17.42,-43.11
2132056,0.12,-0.50,2.09,-143.07,0.60,-55.05
2137056,0.09,-0.51,2.09,-131.74,10.84,-66.91
2142096,0.04,-0.57,2.09,-120.77,16.96,-76.00
2147112,-0.07,-0.66,2.09,-107.80,18.93,-88.62
2152148,-0.15,-0.72,2.09,-91.14,17.00,-96.11
2157148,-0.29,-0.78,2.09,-75.16,13.70,-95.14
2162148,-0.48,-0.95,2.09,-50.90,6.21,-91.89
2167152,-0.61,-1.02,2.09,1.71,-7.21,-85.26
2172144,-0.60,-0.89,2.09,49.58,-14.36,-56.91
2177168,-0.72,-0.84,2.09,35.10,-13.77,-33.64
2182176,-0.78,-0.83,2.09,12.44,-16.32,-22.22
2187184,-0.73,-1.00,1.83,23.13,-13.13,-7.27
2192176,-0.65,-0.96,1.72,44.24,2.23,7.52
2197156,-0.59,-0.91,1.73,59.15,20.41,18.36
2202176,-0.56,-0.85,1.81,60.18,31.47,23.81
2207168,-0.52,-0.79,1.87,52.55,34.24,27.20
2212176,-0.48,-0.78,1.87,38.08,35.51,25.55
2217180,-0.41,-0.78,1.77,22.47,39.50,19.17
2222188,-0.35,-0.79,1.67,12.93,45.86,11.41
2227196,-0.34,-0.79,1.59,9.42,49.95,6.28
2232208,-0.36,-0.79,1.53,10.30,51.01,4.43
2237204,-0.37,-0.76,1.50,9.86,49.69,3.53
2242204,-0.41,-0.77,1.49,10.72,50.33,4.85
2247212,-0.44,-0.79,1.42,12.59,50.93,5.08
2252204,-0.45,-0.79,1.38,15.20,53.26,8.13
2257216,-0.46,-0.79,1.34,17.04,57.98,11.37
2262228,-0.47,-0.79,1.30,16.98,63.07,15.55
2267224,-0.50,-0.81,1.27,16.42,67.38,19.42
2272236,-0.52,-0.81,1.24,13.96,69.05,23.97
2277248,-0.53,-0.80,1.21,11.72,69.18,27.85
2282240,-0.54,-0.81,1.19,9.06,68.43,31.30
2287236,-0.55,-0.82,1.17,6.86,68.99,34.50
2292244,-0.55,-0.83,1.14,5.20,70.27,37.93
2297248,-0.55,-0.83,1.13,4.23,72.96,40.95
2302248,-0.56,-0.82,1.11,3.83,74.18,43.48
2307260,-0.57,-0.82,1.08,4.85,74.53,46.25
2312260,-0.56,-0.82,1.05,7.06,73.32,49.55
2317284,-0.54,-0.82,1.01,9.49,69.94,52.71
2322284,-0.52,-0.81,0.96,11.76,64.82,55.52
2327292,-0.50,-0.79,0.91,13.74,58.26,57.41
2332288,-0.47,-0.77,0.86,13.95,51.79,58.92
2337288,-0.42,-0.75,0.81,12.93,46.28,58.97
2342300,-0.37,-0.73,0.76,8.58,42.25,57.68
2347296,-0.33,-0.66,0.71,6.30,37.22,56.50
2352304,-0.29,-0.66,0.68,5.69,33.89,57.31
2357316,-0.28,-0.63,0.63,6.74,32.66,57.60
2362336,-0.24,-0.62,0.58,10.53,31.12,58.24
2367336,-0.21,-0.60,0.55,16.02,29.48,61.17
2372328,-0.18,-0.58,0.51,22.15,27.15,65.32
2377328,-0.15,-0.56,0.49,28.64,24.92,68.83
2382336,-0.14,-0.53,0.48,34.81,23.81,73.79
2387336,-0.14,-0.50,0.47,40.17,23.69,78.12
2392340,-0.15,-0.50,0.48,46.06,23.68,81.80
2397348,-0.13,-0.46,0.50,46.92,23.52,82.98
2402360,-0.13,-0.50,0.52,48.35,21.61,83.70
2407368,-0.12,-0.49,0.51,54.76,19.73,85.94
2412360,-0.14,-0.49,0.52,60.25,18.48,87.01
2417364,-0.16,-0.49,0.52,63.94,18.00,85.88
2422380,-0.18,-0.46,0.50,66.17,20.58,85.28
2427376,-0.16,-0.45,0.50,67.64,24.20,85.47
2432392,-0.15,-0.46,0.51,67.88,25.05,84.72
2437380,-0.17,-0.45,0.52,67.59,24.52,83.58
2442392,-0.21,-0.45,0.50,66.91,22.09,82.59
2447408,-0.24,-0.43,0.46,66.74,19.89,82.80
2452412,-0.23,-0.40,0.41,66.83,18.41,84.43
2457404,-0.23,-0.38,0.39,66.70,16.61,85.87
2462400,-0.23,-0.37,0.36,65.54,15.12,86.56
2467412,-0.22,-0.34,0.37,61.94,13.26,85.80
2472424,-0.24,-0.35,0.40,53.10,13.10,84.44
2477424,-0.26,-0.33,0.41,45.71,12.03,84.05
2482436,-0.25,-0.34,0.43,39.21,10.62,84.95
2487420,-0.24,-0.35,0.43,34.88,8.25,85.75
2492436,-0.22,-0.36,0.47,34.00,5.90,86.88
2497448,-0.21,-0.36,0.52,36.65,2.39,88.23
2502444,-0.21,-0.37,0.58,40.47,-5.28,89.52
2507448,-0.19,-0.35,0.63,41.29,-13.42,88.38
2512452,-0.15,-0.35,0.63,43.09,-19.57,86.69
2517464,-0.11,-0.32,0.60,45.70,-22.88,84.41
2522468,-0.08,-0.29,0.57,50.09,-23.87,81.54
2527464,-0.05,-0.26,0.55,54.23,-21.89,78.98
2532480,-0.03,-0.24,0.53,56.99,-18.33,77.30
2537484,-0.03,-0.21,0.52,58.01,-15.36,75.19
2542492,-0.04,-0.20,0.52,57.13,-12.16,72.47
2547496,-0.04,-0.20,0.51,54.59,-9.08,70.34
2552492,-0.04,-0.19,0.48,51.09,-5.75,68.93
2557484,-0.07,-0.20,0.49,47.20,-2.09,67.90
2562492,-0.09,-0.20,0.50,41.83,2.09,68.05
2567488,-0.10,-0.21,0.51,36.52,6.11,67.89
2572492,-0.11,-0.23,0.52,31.74,11.64,69.07
2577508,-0.10,-0.24,0.54,27.46,17.02,70.60
2582516,-0.08,-0.24,0.56,24.02,21.53,72.71
2587516,-0.06,-0.24,0.60,21.36,25.16,73.72
2592524,-0.04,-0.24,0.62,20.52,26.74,74.52
2597520,-0.00,-0.25,0.63,20.41,27.38,74.50
2602520,0.03,-0.25,0.66,22.71,26.05,73.57
2607524,0.05,-0.25,0.68,26.15,22.01,71.72
2612532,0.08,-0.25,0.69,30.78,14.51,69.76
2617532,0.10,-0.25,0.68,37.50,4.94,66.57
2622544,0.11,-0.25,0.67,44.64,-7.63,63.27
2627556,0.11,-0.23,0.67,51.96,-20.22,59.63
2632576,0.12,-0.20,0.66,58.46,-33.08,56.23
2637572,0.13,-0.17,0.62,64.64,-43.89,53.01
2642576,0.14,-0.16,0.61,70.11,-52.27,49.42
2647584,0.15,-0.15,0.60,73.93,-59.30,46.30
2652580,0.13,-0.10,0.58,76.07,-65.49,44.21
2657588,0.10,-0.06,0.55,75.80,-70.65,43.08
2662580,0.09,-0.05,0.50,76.03,-74.64,42.48
2667596,0.09,-0.03,0.46,74.72,-76.93,41.96
2672612,0.11,-0.02,0.46,71.64,-76.51,41.73
2677612,0.13,-0.03,0.46,67.64,-73.07,41.57
2682620,0.14,-0.03,0.45,63.29,-67.34,41.78
2687612,0.15,-0.02,0.43,59.10,-58.36,42.76
2692608,0.15,-0.01,0.42,54.62,-47.98,46.17
2697620,0.16,-0.02,0.40,51.05,-38.17,49.19
2702620,0.20,-0.03,0.40,47.82,-28.28,51.00
2707628,0.25,-0.04,0.44,44.02,-19.70,51.16
2712644,0.28,-0.03,0.49,38.93,-12.50,50.74
2717652,0.30,-0.04,0.51,34.39,-4.36,49.48
2722652,0.31,-0.03,0.52,31.56,2.68,47.91
2727636,0.31,-0.01,0.54,29.20,5.44,46.07
2732636,0.29,0.04,0.59,26.08,5.29,43.12
2737648,0.28,0.07,0.60,21.74,3.94,39.04
2742656,0.28,0.08,0.60,15.07,3.05,34.26
2747656,0.28,0.10,0.56,9.14,4.76,30.22
2752656,0.27,0.12,0.51,2.88,9.12,26.76
2757672,0.24,0.15,0.49,-3.81,14.35,24.23
2762676,0.20,0.17,0.46,-10.20,18.56,23.76
2767680,0.15,0.19,0.42,-15.72,21.13,24.76
2772676,0.11,0.19,0.39,-19.28,22.44,27.50
2777680,0.08,0.17,0.35,-21.45,23.26,30.66
2782688,0.05,0.18,0.33,-23.65,23.81,35.41
2787692,0.00,0.19,0.32,-26.99,22.16,41.47
2792688,-0.02,0.20,0.29,-28.13,18.47,47.51
2797708,-0.01,0.21,0.25,-27.55,14.93,52.73
2802708,0.01,0.23,0.24,-24.77,9.56,56.12
2807708,0.03,0.27,0.25,-20.06,5.13,56.70
2812712,0.05,0.34,0.24,-14.31,0.19,55.83
2817708,0.07,0.39,0.25,-8.76,-4.27,53.13
2822712,0.10,0.43,0.24,-3.98,-6.14,48.62
2827720,0.12,0.46,0.23,-0.01,-6.37,42.73
2832716,0.14,0.48,0.26,1.76,-7.24,36.03
2837720,0.15,0.48,0.27,1.07,-11.48,27.87
2842740,0.14,0.47,0.27,-0.63,-16.38,18.47
2847760,0.13,0.44,0.24,-2.97,-19.70,9.87
2852776,0.12,0.42,0.23,-5.39,-22.75,2.72
2857764,0.11,0.37,0.24,-8.32,-27.19,-2.76
2862776,0.07,0.35,0.24,-12.44,-34.77,-7.53
2867780,0.01,0.33,0.25,-16.04,-42.32,-12.17
2872800,-0.03,0.33,0.25,-18.04,-48.55,-15.46
2877808,-0.07,0.35,0.28,-20.46,-57.45,-16.90
2882808,-0.09,0.38,0.33,-22.09,-66.08,-17.39
2887804,-0.13,0.43,0.36,-23.15,-72.05,-17.29
2892832,-0.16,0.49,0.41,-22.66,-79.62,-17.09
2897836,-0.20,0.55,0.43,-21.22,-86.82,-19.09
2902832,-0.24,0.63,0.47,-18.13,-95.83,-22.18
2907832,-0.28,0.67,0.51,-13.08,-107.01,-25.68
2912868,-0.29,0.70,0.56,-6.59,-119.83,-25.42
2917868,-0.30,0.71,0.66,0.21,-134.69,-23.62
2922868,-0.32,0.69,0.76,2.05,-146.11,-22.69
2927876,-0.34,0.70,0.79,-2.10,-157.20,-22.15
2932876,-0.35,0.65,0.80,-8.90,-167.18,-22.74
2937892,-0.35,0.65,0.82,-21.51,-173.44,-21.06
2942952,-0.37,0.64,0.84,-38.01,-173.73,-15.70
2947992,-0.40,0.64,0.82,-51.66,-169.14,-8.90
2953000,-0.41,0.64,0.78,-59.98,-161.21,0.87
2957992,-0.35,0.65,0.73,-62.95,-153.75,12.43
2963028,-0.35,0.68,0.69,-62.12,-143.12,20.06
2968064,-0.24,0.66,0.71,-58.68,-142.69,30.39
2973100,-0.17,0.79,0.77,-58.66,-162.23,42.90
2978128,-0.12,0.77,0.83,-60.01,-177.62,47.71
2983172,-0.02,0.78,0.81,-60.39,-181.62,47.52
2988208,0.11,0.77,0.89,-61.41,-179.88,46.96
2993252,0.21,0.74,1.02,-59.81,-173.97,45.14
2998296,0.29,0.69,1.18,-61.03,-163.88,42.59
3003328,0.32,0.60,1.34,-60.48,-152.58,36.78
3008368,0.32,0.54,1.56,-58.72,-142.86,32.56
3013412,0.31,0.50,1.75,-51.94,-134.36,31.08
3018436,0.27,0.46,1.90,-37.18,-127.21,31.36
3023468,0.21,0.47,2.02,-17.96,-122.24,35.03
3028496,0.11,0.49,2.09,1.08,-122.51,40.67
3033480,0.04,0.51,2.09,17.72,-128.63,43.57
3038500,0.00,0.58,2.09,35.12,-137.52,47.81
3043492,-0.05,0.66,2.09,58.45,-145.15,59.86
3048516,-0.08,0.66,2.09,75.57,-148.63,56.34
3053548,-0.06,0.78,2.09,82.92,-156.40,57.37
3058576,-0.12,0.84,2.09,81.70,-163.76,53.51
3063600,-0.17,0.93,2.09,77.74,-163.09,48.76
3068616,-0.22,0.97,2.09,72.61,-153.48,43.21
3073648,-0.23,1.04,2.09,65.50,-140.18,37.66
3078672,-0.27,1.09,2.09,55.88,-125.29,31.16
3083700,-0.31,1.12,2.09,44.30,-108.45,24.15
3088740,-0.35,1.15,2.09,32.07,-89.80,18.49
3093748,-0.41,1.16,2.09,21.61,-69.87,15.00
3098740,-0.45,1.15,2.09,12.67,-48.43,13.78
3103756,-0.49,1.14,2.09,6.15,-26.24,14.77
3108760,-0.51,1.11,2.09,1.47,-5.54,17.23
3113748,-0.50,1.07,2.09,-2.88,15.60,19.60
3118756,-0.48,1.01,2.09,-5.17,34.73,21.39
3123752,-0.44,0.96,2.09,-6.88,50.46,21.42
3128760,-0.37,0.91,2.09,-7.06,62.32,20.88
3133768,-0.29,0.86,2.09,-4.46,71.78,19.85
3138768,-0.21,0.82,2.09,0.95,78.79,17.92
3143768,-0.14,0.79,2.09,8.17,83.92,15.45
3148784,-0.07,0.77,2.09,14.73,88.34,13.01
3153796,-0.02,0.76,2.09,20.67,89.25,9.99
3158796,0.02,0.75,2.09,26.78,88.10,6.01
3163784,0.06,0.76,2.04,29.40,87.45,0.32
3168788,0.12,0.76,1.93,30.49,88.92,-4.87
3173796,0.13,0.75,1.82,32.46,90.48,-9.06
3178800,0.16,0.74,1.72,32.36,90.81,-13.09
3183812,0.18,0.73,1.61,34.94,93.01,-17.45
3188812,0.20,0.72,1.50,37.03,94.30,-21.06
3193836,0.22,0.72,1.41,38.01,93.69,-25.08
3198832,0.22,0.72,1.32,38.19,91.85,-29.39
3203836,0.22,0.70,1.25,36.93,90.35,-33.03
3208840,0.21,0.68,1.19,34.97,91.72,-37.11
3213828,0.18,0.66,1.16,31.33,94.05,-40.34
3218848,0.12,0.63,1.15,27.07,97.60,-42.50
3223848,0.07,0.60,1.13,23.80,100.70,-43.62
3228864,0.01,0.58,1.10,22.19,103.72,-43.35
3233876,-0.04,0.54,1.07,21.24,106.51,-42.34
3238904,-0.07,0.51,1.02,21.74,111.47,-41.17
3243932,-0.09,0.48,0.98,21.42,116.45,-39.53
3248952,-0.13,0.45,0.95,19.78,119.93,-38.20
3253968,-0.14,0.43,0.92,16.72,121.39,-37.36
3259004,-0.11,0.41,0.88,14.41,122.12,-36.50
3264032,-0.10,0.42,0.84,12.22,121.34,-37.71
3269064,-0.10,0.40,0.82,9.42,119.04,-40.85
3274048,-0.10,0.38,0.79,5.47,117.37,-44.68
3279052,-0.12,0.36,0.79,0.58,116.50,-49.37
3284056,-0.15,0.33,0.80,-4.77,114.91,-53.88
3289088,-0.19,0.29,0.79,-9.59,112.22,-57.68
3294092,-0.23,0.27,0.80,-13.72,108.85,-60.73
3299128,-0.28,0.25,0.82,-16.95,105.36,-61.25
3304164,-0.33,0.23,0.83,-19.03,101.66,-60.37
3309204,-0.38,0.21,0.83,-19.57,99.57,-57.36
3314192,-0.43,0.19,0.82,-18.88,98.68,-53.15
3319196,-0.47,0.18,0.81,-17.74,96.71,-47.49
3324212,-0.50,0.17,0.78,-16.33,92.78,-41.53
3329208,-0.51,0.17,0.74,-14.66,88.05,-35.38
3334216,-0.50,0.17,0.70,-12.92,83.64,-28.70
3339236,-0.49,0.17,0.66,-11.56,81.10,-22.76
3344232,-0.47,0.18,0.63,-11.08,81.84,-17.71
3349224,-0.46,0.19,0.63,-11.29,81.47,-13.02
3354220,-0.43,0.19,0.62,-12.89,80.42,-9.48
3359232,-0.40,0.19,0.61,-14.14,79.32,-7.18
3364220,-0.37,0.19,0.61,-13.71,77.02,-5.20
3369240,-0.35,0.17,0.61,-13.19,72.18,-3.35
3374244,-0.31,0.18,0.61,-12.21,63.35,-2.62
3379252,-0.31,0.18,0.60,-11.66,55.78,-3.46
3384268,-0.31,0.19,0.60,-10.96,50.43,-5.17
3389252,-0.30,0.20,0.61,-9.88,46.91,-6.70
3394248,-0.30,0.19,0.60,-8.44,42.64,-8.25
3399252,-0.31,0.19,0.59,-7.28,37.89,-9.60
3404256,-0.32,0.20,0.58,-5.82,33.37,-10.24
3409264,-0.34,0.19,0.56,-5.19,29.15,-9.93
3414260,-0.35,0.18,0.54,-5.51,26.02,-8.93
3419272,-0.38,0.17,0.53,-7.01,24.81,-6.64
3424272,-0.41,0.16,0.53,-10.41,22.17,-5.42
3429304,-0.43,0.16,0.50,-12.32,19.46,-2.18
3434288,-0.42,0.17,0.48,-13.40,16.67,0.38
3439284,-0.42,0.17,0.49,-13.44,12.45,4.75
3444288,-0.40,0.19,0.48,-13.61,4.15,8.36
3449292,-0.38,0.22,0.48,-14.29,-2.96,10.54
3454312,-0.35,0.23,0.46,-15.25,-7.98,12.24
3459296,-0.33,0.24,0.44,-17.48,-11.19,13.49
3464320,-0.30,0.25,0.43,-20.77,-11.62,13.91
3469336,-0.28,0.24,0.41,-24.41,-10.43,14.77
3474344,-0.28,0.24,0.41,-28.59,-8.65,14.91
3479336,-0.27,0.23,0.42,-32.10,-5.51,15.08
3484340,-0.25,0.23,0.43,-35.06,-1.00,15.41
3489340,-0.24,0.22,0.45,-36.62,3.38,15.33
3494344,-0.23,0.21,0.48,-38.00,5.29,15.00
3499352,-0.23,0.20,0.52,-38.21,5.94,13.73
3504352,-0.22,0.20,0.56,-37.79,5.66,12.95
3509360,-0.22,0.19,0.60,-36.53,2.74,11.93
3514364,-0.23,0.20,0.63,-34.38,-0.94,10.27
3519384,-0.23,0.19,0.66,-31.75,-4.71,9.16
3524360,-0.23,0.19,0.67,-28.68,-7.15,8.21
3529372,-0.23,0.18,0.69,-26.58,-8.26,8.52
3534376,-0.25,0.18,0.72,-25.27,-10.23,9.76
3539392,-0.26,0.18,0.69,-23.33,-13.75,11.34
3544396,-0.26,0.17,0.67,-20.55,-17.14,13.09
3549388,-0.24,0.17,0.62,-18.45,-19.87,14.73
3554404,-0.23,0.17,0.61,-18.65,-21.06,16.63
3559400,-0.24,0.17,0.61,-21.13,-20.20,18.71
3564420,-0.24,0.16,0.61,-25.61,-17.32,21.13
3569420,-0.25,0.16,0.59,-30.09,-13.73,23.61
3574416,-0.24,0.16,0.59,-33.64,-8.39,25.75
3579412,-0.23,0.15,0.59,-35.64,-2.74,27.65
3584428,-0.22,0.15,0.59,-36.41,3.61,29.76
3589420,-0.21,0.16,0.59,-36.64,8.88,30.97
3594432,-0.20,0.16,0.60,-36.80,12.84,31.74
3599440,-0.20,0.16,0.63,-37.39,13.96,32.27
3604452,-0.20,0.15,0.65,-38.15,12.42,32.62
3609460,-0.21,0.16,0.65,-39.08,8.27,32.75
3614452,-0.21,0.16,0.65,-38.48,2.26,33.56
3619460,-0.19,0.15,0.63,-37.27,-4.04,34.43
3624480,-0.16,0.15,0.61,-35.30,-7.02,34.79
3629464,-0.12,0.15,0.57,-33.07,-5.73,35.68
3634476,-0.09,0.14,0.55,-30.97,-2.53,36.00
3639484,-0.07,0.13,0.55,-30.04,-0.50,36.49
3644488,-0.05,0.11,0.56,-29.28,1.28,35.68
3649504,-0.05,0.10,0.59,-29.17,0.34,35.04
3654492,-0.07,0.13,0.63,-29.22,-4.99,34.14
3659504,-0.10,0.12,0.64,-28.46,-11.65,33.17
3664508,-0.10,0.12,0.63,-25.73,-17.06,32.95
3669508,-0.10,0.13,0.62,-22.38,-20.57,33.82
3674508,-0.11,0.14,0.62,-19.39,-24.33,34.89
3679524,-0.10,0.13,0.60,-17.19,-28.61,36.16
3684520,-0.09,0.13,0.58,-15.98,-31.96,37.48
3689540,-0.07,0.13,0.55,-15.39,-33.22,39.26
3694552,-0.04,0.11,0.53,-15.04,-33.15,41.36
3699540,-0.03,0.12,0.50,-15.72,-33.35,44.32
3704548,-0.01,0.12,0.47,-15.97,-31.72,47.58
3709544,0.02,0.11,0.45,-15.55,-28.30,50.62
3714540,0.05,0.10,0.43,-14.75,-23.46,53.22
3719548,0.06,0.11,0.43,-14.81,-20.89,55.31
3724560,0.06,0.11,0.42,-14.53,-22.54,56.94
3729556,0.07,0.09,0.40,-14.11,-26.43,58.35
3734564,0.08,0.09,0.36,-12.91,-30.46,59.96
3739580,0.09,0.08,0.35,-11.65,-34.87,62.14
3744568,0.08,0.08,0.35,-12.16,-41.89,64.36
3749576,0.07,0.07,0.34,-14.01,-49.53,66.06
3754572,0.07,0.06,0.31,-15.42,-55.31,68.48
3759580,0.06,0.05,0.26,-17.18,-61.39,71.34
3764588,0.07,0.05,0.22,-19.31,-67.78,73.28
3769596,0.07,0.04,0.20,-22.32,-74.15,74.83
3774588,0.08,0.05,0.19,-25.93,-80.01,76.68
3779600,0.09,0.04,0.16,-30.04,-85.56,79.02
3784624,0.10,0.03,0.12,-35.29,-89.55,81.86
3789612,0.11,0.02,0.08,-41.28,-93.27,84.73
3794624,0.12,0.00,0.06,-48.43,-96.88,87.41
3799616,0.16,-0.03,0.05,-56.05,-99.81,89.10
3804632,0.20,-0.05,0.05,-63.70,-97.97,90.72
3809636,0.22,-0.08,0.05,-72.44,-92.66,92.37
3814644,0.25,-0.13,0.09,-82.20,-87.03,93.29
3819640,0.28,-0.17,0.15,-91.51,-84.25,93.26
3824660,0.31,-0.20,0.20,-99.10,-83.35,92.58
3829664,0.38,-0.25,0.27,-102.34,-83.50,89.70
3834700,0.41,-0.24,0.31,-103.64,-89.15,87.42
3839760,0.42,-0.22,0.35,-103.31,-99.42,84.59
3844808,0.43,-0.21,0.34,-101.21,-110.90,80.54
3849896,0.47,-0.21,0.31,-98.63,-121.44,76.38
3854940,0.49,-0.19,0.28,-96.85,-130.36,72.70
3859972,0.51,-0.18,0.27,-98.13,-140.30,68.27
3865020,0.51,-0.16,0.28,-103.35,-151.20,63.75
3870108,0.51,-0.14,0.28,-110.22,-161.08,58.33
3875200,0.50,-0.14,0.28,-118.84,-170.93,52.93
3880292,0.50,-0.13,0.26,-127.36,-179.26,47.60
3885380,0.52,-0.17,0.24,-136.89,-186.02,42.15
3890468,0.57,-0.22,0.25,-147.67,-190.17,35.41
3895560,0.61,-0.29,0.39,-164.27,-194.59,26.90
3900652,0.61,-0.35,0.57,-184.68,-199.08,17.15
3905744,0.57,-0.42,0.83,-207.98,-202.50,7.19
3910788,0.53,-0.46,1.03,-226.61,-200.93,-1.52
3915860,0.47,-0.51,1.17,-236.39,-191.87,-9.14
3920932,0.43,-0.58,1.31,-239.08,-178.79,-13.46
3926040,0.38,-0.66,1.45,-235.60,-166.84,-17.23
3931148,0.35,-0.68,1.62,-229.09,-160.73,-16.00
3936248,0.30,-0.73,1.79,-223.47,-156.99,-15.73
3941348,0.30,-0.79,1.90,-218.49,-151.38,-16.16
3946452,0.25,-0.78,2.03,-206.51,-142.83,-3.65
3951512,0.14,-0.84,2.09,-199.16,-134.01,5.29
3956560,0.10,-0.92,2.09,-193.50,-127.10,7.26
3961588,0.14,-0.90,2.09,-186.09,-125.62,10.57
3966676,0.22,-0.87,2.09,-170.91,-125.71,15.85
3971776,0.30,-0.82,2.09,-147.89,-126.27,21.44
3976864,0.36,-0.78,2.09,-119.14,-129.03,25.19
3981964,0.43,-0.69,2.09,-86.72,-127.26,26.66
3987012,0.52,-0.65,2.09,-54.32,-133.90,26.37
3992052,0.59,-0.58,2.09,-25.89,-142.06,23.79
3997088,0.64,-0.52,2.09,-3.09,-146.76,20.10
4002080,0.67,-0.46,2.09,13.67,-144.56,17.29
4007116,0.68,-0.42,2.09,26.02,-137.75,16.16
4012140,0.69,-0.39,2.09,36.71,-128.54,14.85
4017172,0.73,-0.38,2.09,43.43,-118.98,14.15
4022208,0.75,-0.35,2.09,44.83,-105.20,13.34
4027244,0.76,-0.32,2.09,42.17,-88.49,12.81
4032220,0.77,-0.31,2.09,39.11,-68.26,12.65
4037228,0.77,-0.30,2.09,36.58,-46.03,13.04
4042240,0.78,-0.30,2.09,36.40,-26.43,13.24
4047232,0.78,-0.28,2.09,39.32,-8.85,14.05
4052236,0.78,-0.26,2.09,44.22,7.02,14.88
4057252,0.78,-0.25,2.09,49.76,21.40,15.51
4062260,0.76,-0.24,2.09,53.67,29.71,15.77
4067272,0.76,-0.24,2.09,57.47,34.05,14.65
4072260,0.77,-0.22,2.09,60.13,37.11,13.17
4077264,0.76,-0.21,2.09,62.50,40.77,11.44
4082272,0.78,-0.19,2.09,65.20,44.57,9.74
4087276,0.78,-0.17,2.09,67.62,48.77,8.62
4092276,0.79,-0.15,2.02,70.05,52.73,7.33
4097288,0.80,-0.13,1.94,70.95,55.90,5.78
4102296,0.81,-0.11,1.88,71.21,60.39,3.50
4107300,0.81,-0.09,1.81,71.26,65.22,1.62
4112312,0.81,-0.07,1.74,70.60,68.84,-0.40
4117300,0.81,-0.06,1.69,69.09,72.22,-2.06
4122308,0.80,-0.05,1.65,67.93,73.98,-3.80
4127312,0.79,-0.04,1.61,65.77,75.22,-5.58
4132320,0.77,-0.03,1.56,64.14,77.02,-6.79
4137324,0.76,-0.02,1.53,62.91,78.72,-7.84
4142324,0.76,-0.02,1.49,62.86,80.59,-8.60
4147336,0.76,-0.01,1.46,63.56,83.04,-10.02
4152348,0.77,-0.00,1.42,64.55,86.19,-11.43
4157360,0.76,0.00,1.37,66.86,88.97,-12.40
4162348,0.76,0.01,1.34,68.07,90.41,-13.53
4167344,0.77,0.01,1.30,68.92,91.16,-15.07
4172352,0.75,0.03,1.24,69.35,92.27,-17.26
4177356,0.74,0.04,1.20,69.41,93.31,-19.50
4182360,0.73,0.05,1.16,68.86,94.19,-21.86
4187360,0.71,0.05,1.11,68.56,93.58,-23.89
4192368,0.70,0.05,1.07,68.51,94.42,-25.43
4197372,0.67,0.05,1.04,68.63,95.28,-26.69
4202396,0.64,0.05,1.00,69.75,95.04,-26.91
4207384,0.63,0.04,0.96,71.32,93.56,-26.39
4212392,0.62,0.04,0.92,72.98,92.51,-25.58
4217400,0.60,0.05,0.89,75.29,91.36,-25.36
4222408,0.59,0.06,0.86,76.71,90.98,-25.29
4227408,0.59,0.07,0.83,78.07,90.34,-25.27
4232408,0.60,0.07,0.80,78.37,88.12,-25.44
4237408,0.59,0.09,0.77,78.10,85.38,-27.27
4242424,0.59,0.10,0.75,77.21,84.00,-29.50
4247436,0.60,0.09,0.72,75.38,82.90,-32.08
4252432,0.58,0.09,0.72,71.96,82.74,-35.52
4257432,0.54,0.09,0.71,68.43,82.53,-38.28
4262440,0.51,0.08,0.68,64.80,83.23,-40.31
4267436,0.48,0.08,0.66,62.60,85.20,-40.99
4272444,0.45,0.08,0.65,60.05,86.09,-40.76
4277444,0.42,0.06,0.65,57.46,86.54,-40.55
4282444,0.38,0.06,0.65,54.44,85.52,-39.87
4287464,0.35,0.06,0.67,51.95,82.63,-39.26
4292464,0.33,0.06,0.65,50.87,79.65,-37.92
4297472,0.33,0.06,0.64,50.01,77.45,-37.34
4302472,0.32,0.06,0.66,49.42,74.53,-36.07
4307476,0.32,0.07,0.65,48.25,70.57,-35.78
4312480,0.34,0.07,0.64,46.75,68.21,-35.74
4317480,0.34,0.07,0.65,44.79,67.68,-36.31
4322480,0.34,0.08,0.67,42.13,66.07,-38.17
4327492,0.35,0.09,0.67,40.76,64.81,-40.94
4332520,0.37,0.08,0.70,39.57,64.71,-43.52
4337512,0.38,0.07,0.73,38.31,63.37,-46.56
4342504,0.36,0.06,0.76,37.70,61.22,-49.76
4347500,0.34,0.05,0.78,36.89,57.01,-53.34
4352508,0.32,0.05,0.79,37.27,52.78,-56.60
4357512,0.30,0.04,0.77,38.90,49.16,-59.10
4362524,0.28,0.04,0.76,40.30,46.36,-60.93
4367528,0.27,0.05,0.77,41.14,44.44,-62.62
4372540,0.28,0.04,0.75,41.18,43.48,-63.93
4377556,0.29,0.04,0.73,40.96,43.83,-65.61
4382552,0.28,0.04,0.72,41.11,44.25,-67.58
4387540,0.27,0.03,0.73,39.70,42.15,-70.36
4392552,0.27,0.04,0.75,38.12,39.42,-74.08
4397544,0.28,0.03,0.77,36.97,38.54,-77.44
4402556,0.28,0.02,0.80,36.23,37.76,-81.73
4407560,0.27,0.02,0.81,36.55,36.32,-86.03
4412568,0.28,0.00,0.83,37.26,34.47,-90.52
4417576,0.28,-0.01,0.85,38.57,33.85,-94.87
4422588,0.29,-0.03,0.86,40.27,33.08,-98.17
4427596,0.29,-0.04,0.86,41.73,32.37,-101.54
4432616,0.26,-0.05,0.86,42.24,31.91,-104.40
4437628,0.23,-0.06,0.87,42.54,30.95,-106.50
4442640,0.20,-0.07,0.88,42.95,31.03,-107.75
4447648,0.17,-0.08,0.87,44.11,31.80,-108.12
4452664,0.14,-0.08,0.85,45.97,31.96,-106.77
4457684,0.13,-0.09,0.84,46.79,31.83,-105.15
4462712,0.12,-0.09,0.82,48.01,32.85,-103.09
4467740,0.13,-0.09,0.80,49.02,34.84,-101.24
4472752,0.14,-0.09,0.78,48.64,37.14,-100.43
4477780,0.13,-0.09,0.76,47.12,37.73,-100.33
4482812,0.13,-0.08,0.75,45.41,37.20,-101.04
4487828,0.11,-0.08,0.73,43.98,38.15,-101.11
4492848,0.09,-0.08,0.72,43.27,39.98,-100.61
4497860,0.08,-0.09,0.71,43.31,41.62,-100.08
4502876,0.08,-0.08,0.71,43.88,42.00,-99.92
4507868,0.06,-0.08,0.73,44.62,40.97,-100.58
4512888,0.06,-0.09,0.75,45.09,39.14,-102.32
4517912,0.06,-0.09,0.74,46.30,37.36,-103.60
4522924,0.05,-0.09,0.74,48.80,34.14,-104.85
4527932,0.05,-0.08,0.70,51.47,29.84,-105.35
4532936,0.05,-0.07,0.64,53.28,26.90,-105.44
4537944,0.03,-0.06,0.59,53.47,26.44,-104.83
4542960,0.03,-0.04,0.54,51.82,28.12,-103.03
4547972,0.02,-0.03,0.50,48.29,31.44,-100.92
4552988,0.00,0.00,0.46,44.28,34.72,-98.04
4557960,-0.00,0.02,0.41,40.22,40.16,-94.62
4562984,-0.01,0.04,0.35,36.83,49.37,-90.95
4567988,-0.01,0.04,0.33,31.63,58.39,-87.50
4572996,-0.03,0.03,0.35,25.28,66.35,-85.78
4577988,-0.04,0.01,0.38,18.54,71.35,-85.80
4582996,-0.07,-0.02,0.44,12.36,72.90,-87.13
4588008,-0.10,-0.05,0.48,8.17,70.36,-89.13
4593000,-0.14,-0.08,0.51,7.33,67.20,-90.99
4598004,-0.17,-0.09,0.53,9.42,63.00,-92.55
4603012,-0.23,-0.11,0.57,13.78,55.42,-93.34
4608032,-0.26,-0.12,0.57,19.42,45.27,-92.75
4613036,-0.28,-0.11,0.54,25.77,34.20,-90.99
4618036,-0.29,-0.11,0.48,33.09,27.36,-88.83
4623036,-0.30,-0.10,0.41,38.74,21.85,-86.45
4628040,-0.31,-0.08,0.35,41.29,16.52,-83.17
4633060,-0.32,-0.04,0.29,41.44,10.60,-78.91
4638056,-0.31,0.00,0.20,40.45,7.00,-73.96
4643048,-0.28,0.03,0.10,38.48,7.45,-68.01
4648056,-0.23,0.06,0.04,34.87,9.68,-62.10
4653064,-0.21,0.09,0.02,27.77,13.53,-57.07
4658084,-0.19,0.11,0.03,17.53,19.04,-53.62
4663080,-0.16,0.10,0.02,5.33,25.10,-51.93
4668064,-0.15,0.09,0.08,-5.84,29.87,-51.00
4673080,-0.14,0.05,0.18,-17.56,30.55,-54.40
4678092,-0.13,0.00,0.28,-25.05,28.17,-61.97
4683088,-0.15,-0.03,0.36,-30.43,23.39,-68.29
4688108,-0.17,-0.06,0.45,-31.25,15.87,-74.55
4693112,-0.18,-0.09,0.51,-28.95,6.01,-80.21
4698112,-0.19,-0.12,0.57,-23.46,-4.09,-84.81
4703132,-0.22,-0.12,0.61,-16.27,-15.87,-87.75
4708140,-0.26,-0.11,0.62,-8.77,-28.06,-87.89
4713148,-0.27,-0.11,0.57,-1.01,-38.01,-86.33
4718140,-0.25,-0.12,0.51,4.67,-44.22,-83.51
4723140,-0.24,-0.10,0.44,7.49,-47.38,-80.73
4728136,-0.24,-0.07,0.39,6.10,-49.43,-77.02
4733144,-0.23,-0.03,0.34,1.85,-50.72,-72.53
4738152,-0.20,-0.02,0.25,-3.87,-48.22,-67.91
4743164,-0.15,-0.00,0.19,-10.76,-43.31,-63.52
4748184,-0.08,0.01,0.16,-18.03,-37.58,-59.38
4753176,-0.04,0.02,0.16,-26.64,-30.83,-56.46
4758188,0.00,0.02,0.19,-36.91,-22.69,-55.54
4763176,0.05,-0.01,0.23,-47.18,-16.20,-57.71
4768188,0.10,-0.05,0.33,-57.43,-13.83,-63.90
4773192,0.12,-0.09,0.46,-66.23,-15.55,-74.06
4778192,0.10,-0.14,0.59,-70.54,-20.14,-84.72
4783200,0.05,-0.18,0.72,-71.77,-30.74,-94.82
4788212,-0.05,-0.20,0.83,-69.96,-47.21,-103.05
4793256,-0.12,-0.21,0.90,-62.48,-64.45,-107.37
4798324,-0.14,-0.21,0.85,-49.81,-75.20,-106.60
4803384,-0.14,-0.20,0.76,-36.41,-80.96,-101.37
4808456,-0.13,-0.19,0.68,-27.37,-85.07,-94.50
4813456,-0.09,-0.17,0.57,-25.53,-83.66,-86.89
4818456,-0.03,-0.14,0.45,-31.25,-72.00,-79.28
4823468,0.03,-0.12,0.35,-45.45,-53.97,-72.62
4828464,0.08,-0.13,0.29,-66.24,-31.46,-70.01
4833476,0.12,-0.19,0.35,-90.72,-5.77,-73.49
4838480,0.13,-0.26,0.51,-116.91,14.73,-81.50
4843532,0.10,-0.35,0.76,-143.64,24.77,-92.76
4848584,-0.00,-0.45,1.02,-162.17,27.67,-106.00
4853668,-0.13,-0.53,1.25,-170.35,23.94,-117.09
4858780,-0.26,-0.61,1.45,-164.34,15.67,-123.95
4863896,-0.40,-0.67,1.57,-150.23,0.49,-126.09
4868936,-0.49,-0.72,1.64,-126.62,-16.83,-124.98
4874040,-0.52,-0.73,1.66,-97.61,-36.14,-118.85
4879112,-0.57,-0.70,1.67,-65.55,-54.90,-109.37
4884168,-0.58,-0.67,1.61,-44.78,-69.72,-101.92
4889240,-0.53,-0.64,1.48,-31.45,-78.63,-95.66
4894260,-0.49,-0.60,1.35,-26.92,-79.50,-90.12
4899268,-0.46,-0.58,1.24,-29.62,-73.84,-85.81
4904280,-0.45,-0.57,1.17,-39.13,-63.60,-82.66
4909296,-0.43,-0.58,1.13,-53.82,-48.75,-79.89
4914304,-0.42,-0.59,1.12,-69.30,-30.31,-77.31
4919320,-0.43,-0.61,1.12,-81.88,-12.17,-75.42
4924360,-0.45,-0.63,1.16,-88.51,2.96,-73.48
