44990687,-416,-96,15752,299,-419,-366
44995687,-376,-160,15656,240,-405,-382
45000687,-248,-156,15788,257,-422,-438
45005687,-344,-80,15684,267,-420,-528
45010687,-392,-176,15844,319,-418,-543
45015687,-412,-168,15784,372,-448,-586
45020687,-436,-176,15764,390,-436,-581
45025687,-368,-168,15704,434,-404,-590
45030687,-384,-116,15684,504,-402,-565
45035687,-360,-136,15804,531,-483,-554
45040687,-460,-108,15768,588,-510,-533
45045687,-428,-152,15724,599,-561,-485
45050687,-436,-92,15636,656,-637,-498
45055687,-448,-24,15796,766,-693,-459
45060687,-464,-128,15736,886,-733,-432
45065687,-404,-72,15808,1032,-786,-411
45070687,-452,-140,15748,1172,-818,-428
45075687,-440,-140,15832,1281,-897,-459
45080687,-520,-264,15768,1475,-1014,-476
45085687,-576,-156,15680,1647,-1346,-433
45090687,-724,-108,15424,1611,-1753,-421
45095687,-740,60,15456,1456,-2251,-406
45100687,-672,-4,15452,1282,-2723,-392
45105687,-536,20,15708,1250,-3002,-377
45110687,-396,24,15640,1246,-3339,-393
45115687,-136,-52,15836,1259,-3562,-431
45120687,228,-192,15828,1413,-3754,-379
45125695,344,8,16128,1496,-3875,-389
45130699,400,444,17088,1462,-3794,-448
45135711,188,40,18688,919,-3274,-507
45140718,424,-984,16180,1548,-3287,-400
45145726,584,-852,15724,2310,-3507,-268
45150726,616,-836,16464,2862,-3627,-157
45155734,628,-1192,16920,3458,-3584,-35
45160738,780,-1524,17100,4262,-3513,280
45165738,1056,-2152,17296,5338,-3462,682
45170746,1376,-2348,17580,6301,-3464,1239
45175753,1692,-2192,17792,6783,-3631,1842
45180761,1968,-1852,18056,6711,-3918,2445
45185761,2048,-1640,18812,6334,-4190,2950
45190761,2000,-1468,19368,6038,-4435,3427
45195761,1748,-1188,19980,5651,-4603,3920
45200761,1656,-664,20632,4899,-4781,4311
45205761,1480,-296,21212,3960,-4812,4686
45210761,1396,96,21780,2998,-4727,4918
45215761,1216,448,22416,2030,-4406,5014
45220761,996,712,22824,1107,-3927,5044
45225761,892,1052,23264,344,-3339,5008
45230761,700,1228,23368,-322,-2583,4873
45235761,504,1288,23492,-883,-1739,4749
45240761,420,1492,23216,-1322,-932,4530
45245761,392,1432,23052,-1471,4,4201
45250761,284,1608,22688,-1303,841,3895
45255761,156,1668,22192,-1179,1639,3627
45260761,16,1624,21588,-936,2235,3319
45265761,-140,1656,20876,-738,2634,3017
45270761,-212,1648,20220,-548,2884,2757
45275761,-308,1576,19620,-262,2957,2517
45280761,-376,1480,19108,144,2848,2418
45285761,-436,1408,18668,359,2672,2237
45290761,-516,1392,18324,482,2281,2159
45295761,-464,1336,18012,609,1918,2063
45300761,-532,1184,18120,758,1490,2027
45305761,-564,1284,18048,684,1081,2060
45310761,-488,1224,18208,701,812,2110
45315761,-428,1180,18192,871,486,2145
45320761,-444,1192,18388,1063,281,2180
45325761,-464,1208,18596,1356,124,2186
45330761,-436,1256,18824,1765,72,2246
45335761,-404,1568,19192,2093,91,2299
45340761,-312,1820,19396,2327,188,2281
45345761,-144,2020,19524,2405,347,2239
45350761,-156,2140,19588,2549,500,2156
45355761,-92,2332,19812,2575,748,2074
45360761,-112,2380,19868,2585,1049,1945
45365761,-80,2468,19864,2529,1327,1806
45370761,-100,2372,19884,2429,1613,1666
45375761,-44,2480,19740,2277,1922,1521
45380761,-72,2360,19708,2134,2267,1392
45385761,-104,2236,19540,2069,2631,1312
45390761,-160,2164,19300,2020,2917,1193
45395761,-240,2124,19060,1849,3154,1124
45400761,-204,2000,18848,1596,3378,1082
45405761,-236,1844,18548,1297,3574,1132
45410761,-356,1748,17904,908,3663,1175
45415761,-380,1716,17356,487,3693,1196
45420761,-424,1592,16788,204,3561,1284
45425761,-424,1460,16336,14,3358,1335
45430761,-596,1448,15932,-11,3103,1418
45435761,-616,1316,15500,27,2676,1454
45440761,-616,1140,15344,252,2233,1491
45445761,-696,1096,15384,690,1898,1537
45450761,-724,1028,15676,1279,1650,1598
45455761,-708,1020,15940,1929,1463,1604
45460761,-772,1216,16300,2448,1427,1616
45465761,-796,1528,16580,2784,1482,1556
45470761,-824,1784,16792,2860,1506,1453
45475761,-848,1996,16904,2923,1568,1308
45480761,-944,2040,16944,3006,1754,1113
45485761,-1068,2048,16952,3076,1899,978
45490761,-1092,2048,17004,2854,2003,799
45495761,-1052,2032,16916,2487,2057,682
45500761,-1032,2120,16824,2085,2021,580
45505761,-1004,1988,16712,1610,2030,492
45510761,-940,1864,16532,1053,1976,470
45515761,-928,1668,16524,487,1978,462
45520761,-916,1592,16356,-87,1919,518
45525761,-904,1348,16272,-461,1889,644
45530761,-860,1136,16164,-826,1961,787
45535761,-748,1084,15988,-1109,1965,981
45540761,-728,1080,15916,-1191,2024,1161
45545761,-804,1112,15504,-1212,1988,1394
45550761,-952,1144,15436,-1252,1914,1562
45555761,-1108,1304,15268,-1135,1887,1680
45560761,-1152,1372,15404,-899,1920,1718
45565761,-1280,1536,15232,-745,1847,1652
45570761,-1388,1720,15140,-561,1726,1508
45575761,-1420,1820,15172,-387,1623,1380
45580761,-1384,1928,15220,-62,1702,1210
45585761,-1508,2120,15136,126,1759,986
45590761,-1556,2160,15336,204,1700,705
45595761,-1488,2192,15564,347,1780,358
45600761,-1400,2192,15696,321,1905,43
45605761,-1388,1992,15664,261,2083,-197
45610761,-1376,1952,15632,74,2217,-465
45615761,-1188,1648,15448,-7,2389,-677
45620761,-1200,1360,15152,-16,2460,-836
45625761,-1188,1056,14664,-87,2457,-908
45630761,-1100,708,14488,-27,2354,-935
45635761,-1092,360,14300,65,2214,-769
45640761,-1104,180,14196,188,2109,-592
45645761,-1116,192,14048,328,2049,-389
45650761,-1224,184,13984,467,1950,-182
45655761,-1316,176,14004,787,1924,12
45660761,-1436,336,13968,1079,1840,125
45665761,-1476,656,14032,1350,1752,200
45670761,-1616,812,14032,1386,1658,243
45675761,-1700,976,14224,1382,1503,212
45680761,-1752,1120,14272,1391,1485,241
45685761,-1812,1348,14308,1244,1492,234
45690761,-1928,1604,14340,895,1400,216
45695761,-1948,1820,14312,468,1356,110
45700761,-2024,1868,14348,-35,1299,45
45705761,-2076,1876,14336,-534,1134,-45
45710761,-2160,1740,14432,-901,1111,-122
45715765,-2124,1748,14540,-1202,1149,-135
45720765,-2120,1724,14484,-1457,1165,-183
45725765,-2184,1700,14424,-1687,1263,-261
45730765,-2132,1656,14160,-1871,1292,-282
45735765,-2188,1508,14040,-2020,1303,-340
45740765,-2300,1364,13984,-1900,1344,-361
45745765,-2320,1196,13632,-1697,1269,-336
45750765,-2392,1228,13472,-1530,1116,-360
45755765,-2404,1280,13484,-1276,874,-425
45760765,-2280,1304,13484,-1021,706,-596
45765765,-2212,1296,13668,-586,580,-725
45770765,-2320,1144,13768,-77,544,-913
45775765,-2232,1124,13940,525,523,-1096
45780769,-2200,1168,14124,1062,446,-1285
45785777,-2120,1080,14172,1406,311,-1508
45790784,-2152,992,14352,1675,159,-1646
45795788,-2200,1000,14832,1801,27,-1744
45800796,-2192,992,15216,1744,-34,-1832
45805804,-2104,988,15632,1494,-42,-1937
45810812,-1976,832,15948,1170,-3,-2110
45815820,-2000,572,16336,780,113,-2163
45820823,-2084,240,16376,481,313,-2157
45825831,-2000,48,16400,283,519,-2080
45830831,-2040,-60,16268,222,790,-2044
45835831,-1908,-108,16076,267,1035,-1960
45840831,-2040,-284,15708,319,1210,-1858
45845831,-2048,-460,15452,410,1317,-1682
45850831,-2116,-488,14968,651,1240,-1471
45855831,-2208,-308,14568,955,1189,-1226
45860831,-2264,-160,14556,1351,974,-1052
45865831,-2268,56,14432,1856,754,-818
45870831,-2464,396,14448,2195,403,-707
45875831,-2588,840,14772,2248,70,-599
45880831,-2584,1312,15160,2171,-181,-554
45885831,-2564,1528,15536,2090,-316,-613
45890831,-2644,1804,16056,2037,-296,-764
45895831,-2620,2024,16376,1812,-253,-899
45900831,-2604,1968,16616,1529,-69,-1067
45905831,-2480,1904,16916,1428,92,-1206
45910831,-2592,1856,16908,1143,402,-1291
45915831,-2464,1744,16640,705,618,-1346
45920831,-2632,1460,16324,95,738,-1318
45925831,-2608,1148,15984,-271,766,-1237
45930831,-2560,948,15768,-395,799,-1147
45935831,-2516,928,15360,-405,796,-1028
45940831,-2508,900,15120,-516,671,-938
45945831,-2608,640,14844,-352,543,-778
45950831,-2644,536,14604,83,544,-600
45955831,-2728,560,14388,819,473,-466
45960831,-2740,740,14344,1608,328,-347
45965831,-2812,1036,14408,2248,93,-267
45970831,-2920,1308,14640,2722,-49,-245
45975831,-2912,1676,14968,3061,-198,-216
45980831,-2964,2168,15372,3232,-295,-301
45985831,-2880,2456,15608,3027,-385,-458
45990831,-2876,2680,16152,2649,-447,-557
45995831,-2816,2720,16436,2238,-377,-630
46000831,-2792,2632,16880,1745,-242,-712
46005831,-2784,2532,16912,1249,13,-819
46010831,-2864,2516,16968,499,237,-879
46015831,-2584,2360,16764,-189,417,-884
46020831,-2444,2172,16352,-712,544,-950
46025831,-2360,1688,16084,-1062,646,-866
46030831,-2436,1364,15672,-1288,780,-765
46035831,-2464,1224,15160,-1365,823,-641
46040831,-2396,1040,14560,-1276,758,-534
46045839,-2476,1028,14224,-1112,619,-454
46050847,-2648,1052,13976,-812,495,-480
46055851,-2572,988,13820,-321,395,-498
46060859,-2728,980,13616,320,200,-476
46065872,-2904,1160,13464,1053,52,-473
46070872,-2904,1400,13420,1669,-241,-451
46075872,-2948,1764,13712,2290,-466,-512
46080872,-2876,2196,13872,2738,-582,-664
46085872,-2880,2772,14200,2768,-874,-928
46090872,-2680,3164,14532,2286,-1078,-1167
46095872,-2668,3116,15156,1652,-1228,-1441
46100872,-2624,2836,15844,1069,-1195,-1626
46105872,-2572,2544,16268,700,-1030,-1724
46110872,-2480,2456,16632,284,-752,-1874
46115872,-2364,2192,16840,-337,-433,-2037
46120882,-2308,1912,16744,-849,27,-2112
46125891,-2344,1612,16536,-1114,499,-2141
46130895,-2416,1424,15952,-1095,1002,-2143
46135894,-2388,1140,15488,-1080,1305,-2197
46140902,-2524,796,14712,-895,1534,-2085
46145911,-2636,628,13884,-534,1545,-1951
46150911,-2748,616,13244,47,1285,-1753
46155911,-2948,804,12840,592,821,-1513
46160911,-2872,1004,12808,934,353,-1300
46165911,-2844,1260,12956,1192,-198,-1167
46170911,-2768,1492,13576,1477,-554,-1094
46175911,-2716,1856,14048,1711,-830,-1075
46180911,-2700,2212,14656,1803,-907,-1127
46185911,-2728,2604,15440,1600,-864,-1273
46190911,-2788,2896,16048,1217,-714,-1438
46195911,-2768,3044,16500,539,-483,-1670
46200911,-2692,3120,16792,-196,-102,-1959
46205912,-2688,2804,16924,-787,391,-2308
46210920,-2824,2496,16884,-1104,936,-2624
46215930,-2668,2200,16492,-1245,1486,-2946
46220931,-2708,1960,15860,-1279,1939,-3183
46225936,-2788,1580,15072,-1254,2209,-3377
46230940,-2964,1252,14500,-1087,2330,-3634
46235944,-2852,1032,13616,-1155,2204,-3713
46240948,-2824,680,12852,-1007,1861,-3650
46245951,-2824,256,12548,-719,1402,-3499
46250955,-2816,-48,12348,-363,1034,-3303
46255959,-2796,-48,12296,28,613,-3034
46260963,-2768,76,12348,530,240,-2692
46265967,-2696,248,12364,1079,-134,-2416
46270971,-2760,876,12736,1422,-517,-2127
46275975,-2864,1452,13020,1423,-972,-1889
46280978,-2684,1912,13480,1306,-1329,-1837
46285983,-2592,2204,14088,1179,-1581,-1837
46290986,-2564,2132,14748,1008,-1625,-1868
46295990,-2460,1980,15192,907,-1528,-1818
46300994,-2528,1812,15596,923,-1296,-1862
46305998,-2732,1856,15964,454,-1068,-1949
46311002,-2824,1820,16212,-336,-681,-2100
46316006,-2764,1680,16384,-898,-87,-2301
46321010,-2652,1344,16024,-1097,460,-2488
46326014,-2680,988,15452,-1088,996,-2576
46331014,-2764,648,14600,-931,1288,-2581
46336026,-2968,280,13624,-532,1425,-2535
46341030,-3160,208,12968,-18,1363,-2412
46346034,-3112,216,12520,391,1115,-2277
46351038,-3252,424,12252,736,779,-2125
46356045,-3144,668,12420,932,226,-1997
46361053,-3192,992,12740,1103,-275,-1932
46366056,-3132,1184,13216,1142,-627,-1979
46371054,-3164,1436,14072,970,-906,-2009
46376062,-3012,1628,14944,836,-911,-2145
46381070,-2980,1852,15692,631,-821,-2302
46386070,-2940,2128,16304,318,-504,-2524
46391070,-2768,2212,16668,-23,-98,-2753
46396074,-2824,2100,16952,-508,320,-2973
46401074,-2904,1972,16996,-1022,848,-3187
46406067,-2956,1708,16744,-1360,1346,-3344
46411071,-2888,1496,16224,-1478,1836,-3520
46416085,-2908,1240,15392,-1450,2076,-3704
46421092,-2840,804,14576,-1340,2160,-3844
46426095,-2924,200,13948,-1095,1993,-3845
46431099,-2916,-320,13168,-565,1751,-3654
46436103,-2852,-612,12916,45,1290,-3354
46441107,-3000,-704,12648,612,640,-3038
46446111,-2864,-664,13024,1009,22,-2679
46451115,-2956,-632,13700,1241,-429,-2281
46456118,-3008,-264,14564,1366,-656,-1914
46461122,-3088,164,15396,1260,-716,-1573
46466126,-3268,788,16124,959,-551,-1325
46471130,-3396,1288,16664,558,-388,-1202
46476134,-3592,1800,17048,104,-46,-1216
46481138,-3732,2364,17284,-403,379,-1363
46486142,-3848,2716,17244,-979,813,-1649
46491146,-3888,3012,16996,-1359,1300,-2006
46496149,-3972,2772,16492,-1443,1696,-2457
46501153,-4124,2380,15952,-1198,1908,-2926
46506154,-4120,2100,15372,-834,2000,-3277
46511147,-4108,1816,14924,-421,1934,-3624
46516165,-3972,1504,14600,-61,1823,-3883
46521169,-3784,1316,14468,326,1658,-4132
46526173,-3708,1052,14300,492,1557,-4286
46531177,-3680,456,14392,660,1322,-4341
46536177,-3648,72,14524,962,1250,-4267
46541180,-3716,-144,14784,1076,1199,-4091
46546186,-3644,-120,14884,916,1146,-3937
46551188,-3652,-112,15164,678,1192,-3819
46556192,-3616,-156,15348,393,1376,-3713
46561196,-3652,-260,15320,55,1572,-3558
46566200,-3800,-292,15152,-227,1831,-3301
46571201,-3832,-24,14844,-417,2033,-3023
46576204,-3852,248,14580,-835,2124,-2813
46581208,-3968,696,14188,-1278,2205,-2705
46586212,-4144,840,13788,-1731,2209,-2755
46591216,-4260,656,13592,-2061,2156,-2804
46596219,-4344,524,13324,-2233,2048,-2828
46601223,-4308,252,13384,-2246,1914,-2905
46606227,-4364,-8,13432,-2386,1928,-2878
46611231,-4320,-416,13520,-2499,1979,-2840
46616235,-4344,-792,13260,-2534,2114,-2769
46621239,-4524,-936,13124,-2461,2172,-2643
46626243,-4532,-1052,12880,-2341,2172,-2502
46631247,-4548,-1168,12856,-2248,2137,-2479
46636250,-4564,-1232,12528,-1930,2246,-2387
46641254,-4592,-1248,12196,-1649,2208,-2355
46646258,-4756,-1092,12004,-1278,2014,-2350
46651262,-4692,-928,11852,-1043,1699,-2396
46656266,-4700,-888,12068,-861,1325,-2422
46661270,-4680,-1100,12420,-603,1028,-2544
46666274,-4576,-1248,12680,-199,803,-2603
46671278,-4496,-1372,13204,83,611,-2609
46676281,-4340,-1532,13784,172,438,-2574
46681286,-4116,-1676,14216,52,475,-2390
46686289,-3896,-1748,14588,-35,528,-2179
46691293,-3760,-1836,14872,75,611,-1998
46696298,-3668,-1904,15048,192,697,-1740
46701302,-3484,-1940,15276,294,903,-1414
46706306,-3332,-1684,15436,382,1082,-1097
46711312,-3296,-1476,15440,169,1177,-758
46716323,-3400,-1220,15524,-292,1278,-438
46721325,-3484,-1172,15596,-738,1472,-130
46726333,-3528,-1120,15420,-927,1728,129
46731333,-3624,-944,15044,-969,2054,429
46736333,-3896,-776,14552,-931,2310,626
46741333,-4108,-464,13992,-839,2490,829
46746333,-4272,88,13492,-679,2548,943
46751333,-4540,404,12912,-504,2590,942
46756333,-4816,628,12356,-245,2502,867
46761336,-5000,880,11988,27,2347,729
46766339,-5020,1024,11664,338,2170,591
46771342,-4996,1136,11556,716,1941,419
46776348,-4948,1304,11252,972,1697,297
46781357,-4788,1440,11160,1098,1442,128
46786362,-4716,1324,11184,1270,1246,-12
46791362,-4764,1172,11036,1616,1082,-137
46796362,-4928,924,10964,1946,889,-125
46801373,-4840,904,11068,2218,603,-92
46806373,-4716,1092,11288,2414,346,7
46811374,-4664,1272,11420,2366,138,92
46816382,-4812,1316,11760,2270,8,138
46821390,-4928,1312,12100,2241,-108,227
46826394,-5020,1524,12248,1945,-116,280
46831398,-5112,1772,12492,1625,-46,361
46836402,-5228,1848,12480,1294,-23,379
46841406,-5228,2092,12376,1130,73,365
46846413,-5188,2340,12100,1018,96,243
46851421,-5224,2508,11844,964,80,121
46856429,-5360,2612,11632,1062,-18,-84
46861433,-5424,2600,11628,1112,-71,-277
46866437,-5524,2552,11560,1152,-226,-496
46871441,-5464,2320,11688,1111,-401,-719
46876444,-5276,1956,11704,1221,-608,-877
46881449,-5180,1656,12008,1304,-716,-932
46886460,-4928,1516,12356,1219,-809,-933
46891465,-4784,1264,12580,1110,-911,-897
46896466,-4612,1096,12944,925,-909,-809
46901468,-4540,760,13012,663,-742,-698
46906472,-4616,380,13096,402,-555,-542
46911476,-4496,92,12828,358,-402,-331
46916480,-4488,24,12616,265,-323,-113
46921484,-4400,-156,12392,247,-238,81
46926488,-4512,-264,11940,348,-244,287
46931491,-4552,-420,11664,463,-293,514
46936494,-4620,-280,11228,668,-373,715
46941490,-4508,-116,10792,986,-572,998
46946499,-4592,216,10536,1296,-828,1241
46951501,-4808,636,10416,1520,-1163,1405
46956509,-4872,1040,10604,1725,-1457,1441
46961509,-5020,1252,10860,1998,-1709,1379
46966509,-5184,1360,11056,2219,-1896,1318
46971509,-5220,1548,11428,2408,-1998,1218
46976509,-5192,1768,11780,2517,-1965,1116
46981509,-5180,1920,11956,2549,-2059,951
46986509,-5112,1884,12344,2411,-2044,787
46991509,-5012,1692,12472,2276,-2055,650
46996509,-4800,1436,12668,2080,-2019,614
47001509,-4564,1260,12876,1872,-1930,645
47006509,-4412,1048,13004,1639,-1917,695
47011509,-4336,836,13060,1292,-1817,801
47016509,-4228,656,13040,819,-1618,929
47021509,-4116,408,12732,605,-1521,1057
47026509,-4228,196,12404,518,-1422,1256
47031509,-4416,8,12064,448,-1432,1469
47036509,-4588,24,11448,439,-1481,1660
47041509,-4604,176,11212,587,-1622,1842
47046509,-4744,368,10776,719,-1786,1949
47051509,-4976,588,10540,1008,-2082,2064
47056509,-5156,928,10440,1219,-2385,2122
47061509,-5192,1372,10552,1462,-2678,2026
47066509,-5000,1692,10552,1892,-2952,1852
47071509,-4992,1840,10732,2200,-3169,1598
47076509,-4960,1760,11064,2471,-3442,1351
47081509,-4928,1708,11404,2547,-3578,1161
47086509,-4872,1540,11912,2665,-3728,1045
47091509,-4692,1488,12456,2735,-3779,967
47096509,-4448,1328,12932,2519,-3856,963
47101509,-4228,1344,13380,2113,-3760,1015
47106509,-4052,1256,13772,1670,-3608,1098
47111509,-3884,1196,13936,1060,-3350,1264
47116509,-3768,948,13964,572,-3090,1425
47121509,-3672,868,13612,153,-2741,1519
47126509,-3728,564,13172,-215,-2492,1732
47131509,-3768,328,12408,-439,-2335,1968
47136513,-3928,168,11768,-511,-2317,2246
47141509,-3916,244,10868,-464,-2459,2484
47146521,-4104,480,10316,-271,-2737,2632
47151529,-4240,628,9940,-4,-3155,2732
47156534,-4396,768,9784,417,-3699,2790
47161535,-4456,816,9988,835,-4216,2817
47166543,-4472,976,10328,1287,-4692,2832
47171551,-4612,1304,10936,1521,-5101,2904
47176555,-4732,1580,11372,1729,-5398,2926
47181560,-4756,2020,12000,2057,-5608,2849
47186570,-4628,2392,12560,2399,-5775,2658
47191570,-4756,2760,13168,2642,-5815,2343
47196570,-4600,2968,13796,2706,-5863,2044
47201570,-4340,3188,14256,2676,-5813,1673
47206570,-3956,3156,14820,2504,-5725,1355
47211570,-3568,3004,15300,2286,-5509,1046
47216570,-3320,2632,15496,1938,-5192,843
47221570,-2964,2120,15672,1509,-4887,732
47226570,-2704,1796,15616,1149,-4534,741
47231570,-2444,1344,15380,873,-4173,884
47236570,-2388,972,15056,528,-3879,1122
47241570,-2252,864,14704,261,-3662,1382
47246570,-2204,780,14080,-47,-3621,1724
47251570,-2244,712,13612,-304,-3592,1964
47256570,-2504,632,13204,-510,-3692,2180
47261570,-2756,540,12928,-679,-3933,2392
47266570,-2916,472,12876,-685,-4116,2525
47271570,-2952,348,12700,-460,-4141,2698
47276570,-3036,316,12780,-79,-4327,2785
47281570,-3108,440,12828,343,-4458,2911
47286570,-3016,700,12816,709,-4551,2902
47291570,-2924,792,12992,1119,-4771,2819
47296570,-2836,1016,13332,1440,-4883,2753
47301570,-2568,1144,13688,1661,-4934,2616
47306570,-2480,1232,14064,1805,-5025,2502
47311570,-2164,1160,14480,1850,-5122,2444
47316570,-2208,892,14904,1743,-5053,2476
47321570,-2304,704,15280,1590,-4944,2621
47326570,-2320,636,15628,1368,-4760,2853
47331570,-2288,804,15796,1098,-4572,3046
47336570,-2204,1160,15804,753,-4397,3213
47341570,-2068,1548,15716,419,-4258,3303
47346570,-2000,1872,15604,126,-4186,3340
47351570,-1940,2032,15408,-84,-4101,3291
47356570,-1836,2148,15256,-165,-4046,3204
47361570,-1608,2180,15272,-259,-4069,3074
47366570,-1452,2060,15272,-280,-4063,3005
47371570,-1268,1892,15304,-349,-3875,2903
47376570,-1100,1756,15204,-390,-3770,2874
47381570,-1112,1520,15160,-409,-3635,2851
47386570,-1452,924,15220,-642,-3554,2941
47391570,-1832,284,15296,-748,-3425,3153
47396570,-2096,-96,15148,-691,-3210,3433
47401570,-2280,-224,14960,-542,-3004,3735
47406574,-2436,-80,14716,-379,-2848,3936
47411582,-2504,140,14564,-21,-2683,4128
47416582,-2588,552,14120,237,-2534,4215
47421582,-2516,1228,13592,335,-2568,4193
47426582,-2500,1668,12992,497,-2793,4077
47431586,-2480,2008,12828,861,-3209,3912
47436584,-2376,2404,12828,1292,-3860,3653
47441584,-2032,2672,13228,1494,-4552,3377
47446584,-1728,2656,14108,1472,-5020,3196
47451602,-1488,2660,15152,1352,-5352,3056
47456609,-1236,2412,16092,1033,-5438,2979
47461614,-1064,2432,16696,628,-5267,3016
47466615,-860,2460,17220,139,-4881,3008
47471614,-724,2356,17624,-391,-4423,3039
47476614,-724,2168,17600,-938,-3835,3055
47481615,-952,1880,17532,-1488,-3182,3126
47486621,-1200,1480,17016,-1880,-2697,3224
47491621,-1356,1324,16460,-2157,-2288,3330
47496621,-1528,1188,15960,-2299,-1910,3355
47501621,-1452,1188,15228,-2339,-1626,3366
47506621,-1472,1248,14424,-2342,-1475,3291
47511621,-1264,1384,13544,-2259,-1310,3159
47516621,-1008,1384,12740,-1867,-1439,3016
47521621,-888,1380,11876,-1254,-1693,2862
47526621,-900,1376,11508,-547,-2148,2670
47531621,-940,1236,11396,215,-2664,2515
47536621,-884,1152,11524,1043,-3199,2442
47541628,-1060,1072,12012,1800,-3722,2469
47546633,-1224,988,12612,2342,-4206,2527
47551640,-1344,980,13320,2692,-4651,2549
47556648,-1452,1052,14244,2821,-4862,2657
47561656,-1436,1240,15080,2690,-4971,2835
47566656,-1368,1508,15768,2353,-4940,2932
47571656,-1320,1848,16244,1991,-4773,2991
47576656,-1200,2268,16544,1452,-4664,2945
47581656,-1068,2336,16980,660,-4582,2831
47586656,-728,2228,17364,-24,-4409,2746
47591656,-468,2068,17572,-565,-4079,2668
47596656,-320,1860,17628,-1108,-3747,2720
47601656,-60,1652,17520,-1663,-3469,2804
47606656,36,1304,17324,-2070,-3163,2985
47611664,-28,1048,17108,-2514,-2906,3285
47616672,-108,712,16652,-2806,-2695,3640
47621679,-272,524,16028,-3016,-2504,4080
47626687,-260,308,15400,-2949,-2437,4448
47631687,-256,28,14648,-2683,-2534,4794
47636687,-336,-372,14124,-2129,-2649,5251
47641691,-596,-540,13656,-1390,-2951,5731
47646695,-792,-480,13440,-493,-3246,6146
47651695,-864,-116,13240,234,-3641,6460
47656695,-832,608,13344,776,-4089,6600
47661699,-840,1360,13648,962,-4543,6597
47666710,-568,1836,14248,1230,-5103,6307
47671718,-360,2056,15328,1773,-5556,5969
47676726,-364,2184,16656,2269,-5689,5721
47681726,-412,2292,18100,2188,-5474,5682
47686726,-528,2700,18940,1678,-4871,5718
47691726,-464,3316,19256,751,-4075,5684
47696726,-320,3912,19040,-379,-3241,5552
47701726,-204,4204,18532,-1374,-2442,5213
47706727,-368,4068,18128,-1997,-1817,4813
47711730,-648,3728,17536,-2344,-1316,4484
47716730,-792,3384,16880,-2691,-843,4165
47721734,-696,3140,16140,-2595,-470,3797
47726738,-468,3004,15076,-2223,-157,3426
47731746,-340,2928,13964,-1824,43,3056
47736753,-392,2808,13052,-1258,16,2683
47741761,-612,2640,11884,-408,-253,2359
47746765,-656,2540,11116,578,-824,2055
47751769,-616,2520,10752,1667,-1497,1758
47756777,-628,2484,10732,2762,-2378,1435
47761784,-672,2452,11188,3867,-3217,1156
47766792,-668,2380,11880,4750,-3991,872
47771796,-660,2344,13020,5364,-4613,652
47776804,-636,2284,14324,5478,-5095,444
47781804,-604,2192,15672,5250,-5336,265
47786812,-544,1996,17080,4637,-5520,254
47791820,-336,1680,18332,3886,-5397,303
47796823,68,1420,19588,3032,-5012,479
47801823,300,1212,20684,2142,-4523,705
47806831,412,1324,21204,859,-3699,1009
47811831,556,1452,21428,-581,-2792,1347
47816831,860,1712,21260,-2017,-1952,1643
47821831,932,2064,20656,-3419,-1245,1844
47826831,1088,2404,19928,-4604,-595,1997
47831831,936,2480,19304,-5607,-192,2070
47836831,916,2472,18476,-6488,124,2165
47841831,900,2464,17684,-6793,369,2117
47846831,804,2524,16752,-6813,403,1993
47851831,676,2600,16276,-6627,452,1835
47856831,524,2800,15804,-6235,429,1631
47861831,392,2740,15372,-5713,257,1371
47866831,92,2660,15292,-4951,83,1062
47871831,-372,2400,15244,-4115,-85,713
47876831,-548,2120,15556,-3044,-120,311
47881831,-588,1992,16004,-1895,-149,-110
47886831,-492,1832,16584,-1066,-94,-483
47891831,-464,1500,17180,-461,163,-843
47896831,-344,1184,17492,-66,570,-1062
47901831,16,1192,17524,93,1045,-1240
47906831,160,1064,17424,77,1497,-1368
47911831,500,952,17316,-149,1857,-1380
47916831,640,660,16948,-617,2109,-1279
47921831,704,812,16612,-1056,2227,-1216
47926831,684,632,16076,-1597,2269,-944
47931831,604,768,15696,-2176,2154,-576
47936831,604,1220,15400,-2691,2017,-385
47941831,224,1668,15168,-3303,1726,-276
47946831,-112,1920,15072,-3795,1320,-229
47951831,-348,2028,14996,-4275,854,-209
47956831,-412,2232,14848,-4888,377,-254
47961831,-476,2228,15068,-5335,-100,-382
47966831,-484,2176,15484,-5455,-449,-500
47971831,-472,2200,15792,-5428,-626,-661
47976831,-460,2068,16060,-5276,-740,-886
47981831,-536,1788,16592,-5108,-580,-1073
47986835,-476,1752,16584,-4862,-387,-1234
47991835,-436,1676,16652,-4516,-181,-1420
47996835,-268,1612,16548,-4013,156,-1643
48001835,-236,1468,16240,-3330,378,-1855
48006835,-252,1364,15848,-2544,454,-1991
48011835,-276,1376,15648,-1909,531,-2115
48016835,-212,1520,15400,-1267,475,-2227
48021835,-248,1636,15172,-686,304,-2363
48026835,-344,1592,15080,-27,5,-2578
48031835,-336,1584,15100,623,-432,-2749
48036835,-352,1504,15504,1080,-894,-2941
48041835,-320,1504,15856,1071,-1342,-3081
48046835,-192,1376,16500,793,-1694,-3100
48051835,-128,1276,17072,307,-1937,-3080
48056835,4,1188,17484,-340,-2065,-3072
48061835,88,1088,17844,-1097,-2076,-3037
48066835,96,848,18068,-1854,-2005,-2994
48071835,116,716,18320,-2755,-1842,-2943
48076835,116,448,18208,-3573,-1771,-2893
48081835,180,200,18048,-4161,-1618,-2772
48086835,152,120,17916,-4480,-1472,-2711
48091835,80,-56,17760,-4664,-1327,-2649
48096835,-152,-184,17552,-4654,-1283,-2582
48101835,-112,-108,17368,-4479,-1177,-2528
48106835,16,-256,17292,-4017,-1076,-2591
48111835,-8,-488,16916,-3237,-995,-2701
48116835,-76,-820,16800,-2298,-943,-2839
48121835,76,-1096,16704,-1347,-995,-2843
48126835,236,-1112,16496,-476,-1011,-2841
48131835,364,-1084,16504,266,-1162,-2818
48136835,476,-1180,16328,1028,-1275,-2801
48141835,384,-1136,16328,1571,-1502,-2731
48146835,396,-996,16332,1893,-1761,-2683
48151835,536,-916,16320,1984,-2088,-2634
48156835,484,-920,16524,1946,-2472,-2541
48161835,440,-860,16744,1890,-2884,-2376
48166835,372,-856,17108,1633,-3195,-2237
48171835,392,-940,17340,1212,-3592,-2051
48176835,476,-860,17764,704,-3784,-1912
48181835,628,-800,18296,190,-4006,-1684
48186835,592,-796,18680,-274,-4085,-1531
48191835,652,-844,19240,-696,-4042,-1297
48196835,692,-816,19512,-1243,-3946,-1190
48201835,696,-892,19896,-1598,-3614,-1027
48206835,780,-824,19900,-1818,-3209,-937
48211835,840,-744,19828,-1984,-2814,-862
48216835,820,-572,19616,-2087,-2363,-802
48221835,844,-552,19232,-2023,-2002,-827
48226835,756,-408,18716,-1771,-1728,-826
48231835,656,-404,18396,-1378,-1567,-853
48236835,556,-248,17856,-776,-1549,-907
48241835,508,-128,17592,-93,-1627,-1013
48246835,472,-104,17636,527,-1774,-1146
48251835,424,-36,17792,958,-1936,-1246
48256835,456,76,18112,1064,-2084,-1273
48261839,488,108,18356,894,-2156,-1351
48266847,564,196,18616,509,-2268,-1378
48271854,740,152,18936,52,-2267,-1377
48276859,864,168,18972,-583,-2201,-1409
48281872,840,68,19056,-1201,-2172,-1355
48286872,872,-132,18900,-1713,-2092,-1295
48291882,972,-224,18648,-2107,-2065,-1195
48296891,900,-252,18356,-2301,-2014,-1100
48301894,932,-204,18120,-2384,-1992,-1016
48306902,864,-256,17772,-2198,-2023,-1017
48311903,884,-272,17416,-1906,-2079,-987
48316903,940,-308,17352,-1546,-2172,-972
48321903,1408,-2152,23172,270,-1641,-980
48326903,928,532,20912,81,-36,-1208
48331911,912,164,20752,-394,618,-1314
48336910,964,-1604,21916,54,1679,-1135
48341911,1132,-940,21452,471,2662,-867
48346911,972,-200,20560,150,3255,-825
48351911,768,-192,20100,-284,3496,-762
48356910,448,-288,19548,-560,3701,-742
48361911,304,4,18900,-813,3688,-793
48366911,188,-120,18364,-1109,3515,-794
48371911,276,-540,22668,1143,3741,-886
48376911,836,464,23156,144,4343,-700
48381911,1208,568,22740,-1637,4822,-672
48386911,844,-148,21564,-2810,5162,-652
48391911,596,-256,20540,-3111,5358,-501
48396911,288,32,19052,-3532,5299,-393
48401911,-204,16,17652,-4134,4843,-288
48406910,-448,-320,16852,-4230,4196,-231
48411912,-644,-604,16184,-3949,3596,-178
48416920,-884,-752,15968,-3403,3049,-101
48421930,-1096,-860,15560,-2796,2539,-95
48426931,-1156,-1016,15124,-1906,2081,-118
48431936,-1056,-1112,14828,-906,1641,-137
48436940,-1096,-1972,14624,234,1266,-68
48441944,-852,-1528,14476,1499,920,-55
48446948,-848,-1320,14368,2610,595,-65
48451952,-936,-1096,14576,3648,312,-133
48456955,-936,-736,14908,4379,102,-194
48461959,-940,-432,15176,4752,-53,-266
48466963,-1016,-248,15452,4944,-138,-415
48471967,-1024,-272,15516,4962,-282,-562
48476971,-1076,-264,15532,4825,-514,-670
48481975,-872,-312,15688,4737,-687,-759
48486979,-680,-360,15764,4581,-848,-895
48491983,-672,-316,15748,4257,-1067,-942
48496986,-636,-120,15900,3828,-1234,-1017
48501990,-676,44,16056,3337,-1390,-1119
48506994,-604,180,16056,2692,-1489,-1257
48511998,-492,76,16084,2070,-1604,-1346
48517002,-364,48,16012,1572,-1627,-1366
48522006,-336,108,15972,1209,-1704,-1415
48527010,-312,44,15648,974,-1722,-1402
48532014,-352,-84,15244,838,-1906,-1354
48537026,-312,-212,15188,926,-2087,-1187
48542031,-296,4,15132,1138,-2136,-1109
48547034,-188,-96,15236,1352,-2106,-1037
48552038,-68,-244,15312,1690,-2052,-958
48557040,-80,-204,15416,2078,-1920,-891
48562045,-68,-172,15784,2415,-1757,-818
48567045,16,-108,16208,2655,-1490,-767
48572048,16,104,16268,2844,-1138,-735
48577052,-84,84,16496,3047,-815,-674
48582053,68,180,16280,3156,-608,-645
48587055,64,276,16160,3103,-558,-613
48592062,64,272,15956,2813,-617,-571
48597070,-28,540,16084,2436,-679,-449
48602070,-24,812,16220,1850,-917,-386
48607070,44,864,16460,1065,-990,-318
48612070,56,820,16500,232,-1121,-238
48617070,128,700,16384,-428,-1268,-121
48622070,28,616,16020,-1092,-1487,-64
48627070,40,492,15768,-1550,-1612,32
48632070,48,504,15664,-1834,-1710,96
48637070,4,356,15692,-1947,-1734,181
48642070,48,88,15600,-1938,-1718,234
48647070,176,0,15652,-1776,-1606,250
48652070,184,-184,15616,-1473,-1434,247
48657070,84,-304,15604,-1193,-1233,284
48662070,80,-292,15568,-818,-1055,243
48667070,68,-272,15476,-427,-880,223
48672070,-52,-124,15292,-131,-750,223
48677070,-40,-180,15376,199,-663,174
48682070,-44,-136,15376,456,-601,171
48687074,-16,-92,15428,580,-647,187
48692071,-8,12,15692,636,-668,176
48697081,12,-24,15880,569,-635,125
48702085,-60,32,16028,492,-575,84
48707086,4,76,16044,371,-516,81
48712086,-120,76,15952,214,-449,1
48717095,-128,-24,15816,18,-496,-26
48722099,12,36,15772,-128,-469,-41
48727100,-96,32,15596,-208,-499,-55
48732103,-60,24,15512,-305,-575,-38
48737107,-40,-24,15680,-328,-619,-17
48742111,-20,72,15596,-373,-657,-23
48747115,-40,60,15492,-401,-708,-14
48752118,-40,-8,15416,-413,-829,7
48757122,-44,28,15544,-410,-934,52
48762126,-100,76,15768,-376,-1037,151
48767130,-48,172,15876,-354,-1044,163
48772134,-48,196,15864,-463,-1159,246
48777138,-44,72,16052,-498,-1209,278
48782142,-8,16,15976,-522,-1220,312
48787146,16,-104,15836,-574,-1311,330
48792146,-28,-196,15788,-530,-1378,349
48797149,-20,-240,15792,-561,-1355,295
48802153,-148,-224,15876,-494,-1354,270
48807147,-116,-216,15940,-429,-1377,207
48812151,20,-380,15852,-266,-1364,143
48817169,28,-504,15816,-79,-1321,68
48822173,-28,-348,15880,130,-1273,16
48827176,104,-280,15772,178,-1240,-59
48832177,0,-260,15684,306,-1204,-74
48837177,164,-168,15708,388,-1162,-122
48842180,136,-244,15780,488,-1199,-114
48847186,-248,-52,16044,581,-1085,-107
48852188,0,264,15768,581,-1012,-200
48857196,152,-144,15724,531,-1015,-210
48862200,176,-252,15488,492,-934,-189
48867201,152,-72,15516,515,-941,-145
48872204,96,12,15648,534,-939,-156
48877208,164,0,15656,477,-788,-114
48882216,156,40,15680,422,-694,-144
48887219,84,12,15672,442,-721,-132
48892227,172,120,15780,396,-672,-179
48897231,140,-64,15708,433,-666,-143
48902232,112,-120,15788,429,-675,-107
48907235,276,-216,15740,351,-722,-58
48912239,292,-168,15744,285,-753,-58
48917243,160,-228,15732,179,-816,-68
48922247,192,-176,15772,166,-798,-95
48927247,120,-248,15892,181,-817,-52
48932250,116,-184,15800,173,-828,-101
48937254,180,-152,15692,172,-828,-140
48942258,148,-152,15620,169,-870,-136
48947262,120,-56,15668,17,-896,-109
48952271,76,60,15620,17,-936,-122
48957274,56,-32,15612,-33,-950,-85
48962278,72,-20,15640,-116,-878,-56
48967281,196,-16,15744,-74,-897,-64
48972285,160,-12,15848,-89,-896,-30
48977286,100,-28,15732,-55,-849,-24
48982289,152,0,15632,27,-751,-8
48987298,260,-188,15656,33,-688,-26
48992302,228,-232,15668,67,-671,-8
48997307,152,-240,15592,177,-624,-21
49002312,104,-132,15636,137,-610,-56
49007322,100,-168,15640,181,-572,-71
49012329,100,-152,15820,181,-578,-85
49017335,124,-172,15920,137,-550,-110
49022335,164,-176,15756,127,-560,-159
49027335,120,-232,15688,85,-559,-192
49032335,112,-172,15708,114,-575,-223
49037335,88,-176,15808,104,-583,-237
49042335,76,-156,15720,91,-587,-268
49047335,76,-176,15740,144,-551,-279
49052342,144,-160,15664,164,-586,-278
49057348,116,-112,15884,187,-581,-228
49062351,204,-60,15712,223,-578,-257
49067359,244,-140,15732,203,-557,-200
49072373,220,-172,15696,195,-526,-193
49077373,176,-96,15600,166,-521,-151
49082367,184,-16,15736,258,-546,-143
49087373,164,-48,15616,204,-570,-73
49092375,188,-84,15800,158,-556,-32
49097378,208,-92,15752,213,-539,-13
49102382,128,-52,15624,164,-513,6
49107390,144,-192,15540,188,-520,20
49112398,88,-212,15656,175,-486,24
49117398,52,-136,15548,109,-478,40
49122398,28,-164,15700,48,-490,9
49127398,104,-184,15704,-4,-482,-24
49132402,80,-204,15720,-33,-516,-62
49137406,108,-180,15704,-62,-538,-70
49142410,108,-196,15764,-73,-624,-107
49147413,60,-228,15768,-86,-642,-140
49152417,88,-288,15912,-149,-714,-163
49157421,32,-228,15880,-164,-750,-186
49162425,28,-256,15836,-141,-814,-203
49167429,100,-216,15704,-117,-873,-231
49172433,80,-168,15796,-81,-860,-234
49177437,56,-140,15792,-73,-822,-259
49182441,104,-172,15716,1,-854,-277
49187445,72,-132,15740,46,-865,-219
49192448,64,-160,15708,66,-860,-230
49197449,64,-228,15580,99,-846,-223
49202460,20,-180,15740,141,-837,-229
49207465,96,-300,15800,236,-874,-246
49212468,192,-304,15868,291,-788,-226
49217472,224,-192,15764,309,-740,-223
49222476,136,-256,15656,384,-759,-243
49227480,28,-224,15704,437,-737,-257
49232484,100,-112,15652,413,-702,-245
49237488,8,-32,15780,477,-726,-253
49242491,52,-8,15648,507,-719,-264
49247494,216,-176,15688,436,-795,-239
49252499,220,-216,15824,396,-835,-171
49257501,164,-80,15832,346,-845,-133
49262509,200,-196,15724,330,-867,-137
49267509,72,-172,15680,269,-900,-103
49272509,128,-48,15700,218,-941,-84
49277509,176,-140,15632,240,-877,-75
49282509,180,-252,15788,230,-852,-58
49287509,188,-252,15632,263,-832,-45
49292509,212,-220,15680,311,-785,-58
49297509,268,-228,15696,324,-788,-17
49302509,152,-140,15708,323,-835,32
49307509,180,-204,15620,301,-834,22
49312509,176,-164,15580,241,-861,33
49317509,160,-136,15608,272,-817,56
49322509,176,-164,15716,226,-842,34
49327509,212,-272,15776,238,-831,49
49332509,152,-240,15752,258,-849,9
49337509,176,-140,15796,239,-777,-21
49342509,204,-304,15624,233,-727,-62
49347509,80,-132,15764,209,-782,-103
49352509,144,-216,15744,246,-765,-150
49357509,184,-248,15816,217,-750,-173
49362509,204,-128,15740,272,-711,-198
49367509,192,-232,15760,311,-713,-229
49372509,196,-240,15824,340,-735,-205
49377509,224,-152,15728,330,-750,-205
49382509,236,-228,15700,311,-743,-212
49387509,220,-204,15744,299,-745,-205
49392509,172,-112,15640,257,-754,-180
49397509,224,-176,15700,238,-768,-152
49402509,144,-80,15624,262,-870,-116
49407509,244,-120,15744,268,-891,-76
49412509,180,-72,15748,209,-901,-44
49417509,212,-120,15716,189,-928,-50
49422509,188,-132,15760,184,-932,-36
49427509,156,-172,15760,227,-925,-25
49432509,132,-172,15700,248,-858,-22
49437509,60,-48,15780,262,-852,-24
49442509,180,-96,15700,326,-851,-22
49447509,240,-108,15772,331,-822,-15
49452509,228,-220,15592,315,-775,-28
49457509,264,-172,15660,314,-704,1
49462509,264,-176,15692,303,-627,-70
49467509,352,-176,15604,334,-554,-63
49472509,292,-248,15720,324,-526,-95
49477509,272,-220,15660,272,-515,-100
49482509,172,-196,15640,224,-486,-81
49487509,264,-196,15676,150,-585,-74
49492509,148,-208,15752,123,-530,-63
49497509,284,-256,15724,142,-581,-84
49502509,240,-168,15732,95,-595,-86
49507509,232,-192,15784,67,-586,-97
49512509,256,-236,15608,51,-600,-118
49517509,220,-204,15648,106,-655,-155
49522509,228,-228,15880,161,-637,-145
49527509,164,-188,15796,171,-608,-153
49532509,192,-232,15792,203,-642,-157
49537509,172,-296,15808,205,-662,-165
49542509,152,-252,15652,179,-619,-170
49547509,208,-152,15784,208,-613,-126
49552509,112,-232,15708,242,-639,-120
49557509,116,-208,15744,289,-592,-140
49562509,184,-228,15668,306,-553,-141
49567509,204,-272,15636,364,-594,-192
49572509,160,-196,15648,304,-609,-186
49577509,156,-148,15724,273,-646,-137
49582509,148,-104,15812,243,-717,-133
49587509,164,-84,15796,125,-709,-154
49592509,188,-240,15724,161,-762,-154
49597509,204,-204,15612,153,-763,-119
49602509,280,-232,15764,112,-784,-150
49607509,264,-220,15812,137,-714,-211
49612509,236,-292,15712,205,-669,-203
49617509,232,-324,15696,239,-598,-219
49622509,240,-264,15852,249,-622,-224
49627509,188,-164,15768,311,-573,-220
49632509,240,-212,15772,308,-581,-221
49637509,240,-140,15728,323,-521,-226
49642509,252,-164,15764,333,-509,-235
49647509,216,-192,15720,285,-471,-213
49652509,188,-172,15688,303,-460,-218
49657509,172,-176,15648,316,-431,-182
49662509,144,-144,15628,252,-440,-224
49667509,140,-112,15708,214,-458,-190
49672509,220,-156,15716,231,-450,-226
49677509,180,-196,15744,234,-445,-241
49682509,232,-236,15888,219,-427,-225
49687509,196,-236,15880,192,-401,-271
49692509,156,-292,15824,199,-360,-289
49697509,192,-276,15768,222,-354,-300
49702509,144,-264,15668,275,-318,-340
49707509,168,-236,15768,278,-290,-346
49712509,188,-156,15708,338,-282,-350
49717509,132,-196,15740,339,-304,-352
49722509,176,-260,15576,326,-285,-324
49727509,156,-180,15672,404,-234,-340
49732509,140,-212,15628,428,-225,-306
49737509,112,-104,15664,415,-285,-301
49742509,152,-188,15664,419,-279,-325
49747509,160,-168,15592,449,-251,-322
49752509,108,-224,15648,433,-287,-348
49757509,96,-256,15788,469,-264,-316
49762509,100,-200,15708,480,-311,-301
49767509,92,-192,15620,512,-323,-298
49772509,140,-200,15604,488,-356,-291
49777509,36,-152,15812,487,-381,-262
49782509,64,-72,15752,397,-370,-274
49787509,64,-132,15684,322,-399,-278
49792509,32,-188,15744,279,-429,-284
49797509,76,-152,15792,261,-466,-221
49802509,96,-88,15700,219,-485,-221
49807509,76,-68,15780,127,-504,-190
49812509,80,-136,15576,76,-530,-134
49817509,160,-52,15664,74,-519,-134
49822509,124,-96,15636,50,-585,-114
49827509,104,-64,15744,23,-609,-64
49832509,76,-192,15800,-46,-642,-83
49837509,64,-160,15884,-54,-663,-77
49842509,148,-192,15740,-92,-639,-52
49847509,56,-272,15764,-8,-635,-82
49852509,16,-228,15624,19,-691,-85
49857509,24,-300,15740,60,-694,-137
49862509,32,-212,15724,89,-744,-164
49867509,44,-240,15600,178,-792,-199
49872509,40,-296,15792,224,-763,-227
49877509,48,-216,15748,240,-808,-252
49882509,24,-252,15772,235,-779,-285
49887509,52,-204,15788,248,-826,-296
49892509,52,-196,15720,218,-792,-333
49897509,4,-232,15704,264,-818,-330
49902509,56,-280,15684,208,-794,-352
49907509,84,-172,15684,254,-798,-321
49912509,96,-48,15472,131,-829,-329
49917509,76,-160,15600,160,-804,-312
49922509,144,-208,15688,164,-788,-254
49927509,72,-164,15732,149,-767,-247
49932509,100,-140,15688,143,-748,-217
49937509,152,-176,15612,91,-689,-204
49942509,124,-132,15708,92,-714,-166
49947509,168,-148,15784,60,-715,-177
49952509,88,-160,15752,-8,-695,-124
49957509,128,-148,15900,-94,-704,-141
49962509,140,-188,15860,-165,-615,-134
49967509,136,-164,15816,-211,-631,-128
49972513,124,-264,15828,-225,-577,-123
49977506,88,-276,15644,-239,-554,-112
49982520,44,-320,15668,-209,-582,-120
